날짜,기사 제목,매체 이름,링크,Tech_Score,Market_Score,Risk_Score
2024.08.02,힘 빠진 한국 반도체 투톱... 하루새 시총 35兆 사라졌다,조선일보,https://news.google.com/rss/articles/CBMigAFBVV95cUxPbk1oV092ZFR3a3ZJMloydVhwTXpHVFM5ZDZZelJBc21icUtVbUdVUjlBMEllUUxGUjFPMW9xNUp3UlAwRWxlUTNPVVoySkpwMDQ3TW5vQXFUdWVLcFlXc2tKQmtrUG5BeTYwWkpyQi14S2prSjFINXVCYVR0dnYxStIBlAFBVV95cUxNNUlYYjNfVHAwSHdWdkhqaWpHOTlIYjhQbW9hM1VXc19TV1Q4SER6WmtHM215bFNjX2NUZmNaRkttMjdzR1dOSFNFVVF4ejRvYWxtSnZVME1OY09OVEZQYXhOYl9kcnVkejdZX2NoZTJoUXBKVk4yUlJTel80elNKOGp0YVpLV3FId0J1RlA2OE1UVVE5?oc=5,0.0,0.5,0.0
2024.08.02,'반도체 부활' 알린 삼성전자…시스템LSI도 '숨은 공신'?,연합뉴스,https://news.google.com/rss/articles/CBMiW0FVX3lxTE1GZnB2NmRGVmNjRHpzajJvZ3I5aFNkcHVOQk45MDU1VGdiUXFzRDFnaEdoODVKVlJNOTNDVmZuTHdPdW5kVHFoS2dvOVNnYmd0U1NWWVdzd2JObFHSAWBBVV95cUxNQ1huUWdNbTJjcHZFYUJzTVJKaDI5ZEVzTEtSYVR1X2hjZk56aU95cFU4d1Q4RENCdjNjeU9ReVk1Qy1idVJTRWIwdmFWNDItc29yNVRUaEIwWW1kbmY1ZUQ?oc=5,0.0,0.0,0.0
2024.08.02,"영국언론 ""삼성전자 HBM SK하이닉스에 밀린 이유, 경영진 안일함 때문""",비즈니스포스트,https://news.google.com/rss/articles/CBMic0FVX3lxTE9PNkhPYzFJT3hjRHc5dldzSHJHT0V5WFRvQTNpbmt0dUs5RlM2SWx5UUtHZTE2bU8ycVNFVzEzOVUtWUxISjN6aGJraC0zMzZlWlVVQV9wTzZYUUs1UTA3SHVfQ2hIZUIycVJ0T0p3YUs5SzQ?oc=5,0.5,0.0,0.0
2024.08.02,"우리나라 최대 먹거리 반도체, 왜 위기라는 거야?",뉴닉,https://news.google.com/rss/articles/CBMiU0FVX3lxTE1zWE8yUWlaenZ3bF82b2NtNmZqYWNCRDRNR1hsVkRGal9BZW8xdlN1SkViRmM3akRRLUJSUXFRTVNwVXJFTS1CUmJlR2JpZkRXNHNF?oc=5,0.0,0.0,0.0
2024.08.02,"삼성전자 노조, 파업 25일 만에 업무 복귀",조선일보,https://news.google.com/rss/articles/CBMigwFBVV95cUxPYTZoSWF6RkwtYTZkSjF1V1BfQUE4RGgtS3padnV4eVZzaUhqRF9Bcmx5b0tEeVVjdWZxRlJVOUZfdDJOUFIwVWdoX2ZENVduQTNkM1lmWkQ3WEE2TFlpeUt0c2JvcE9wazJWSlNQcVpQcWZoNkZXQlR0aGFnOE5UUWhfONIBlwFBVV95cUxNdWhjQ3JLTEVRZURfUzNjYy1zNlFjMGRyRi1xTTVXTmdsaDVPajBERFZpRHVoNmFOSno5aVFNMmFSZjZSNmVjbVlDUWxHNF9hcm5PTGp2TktoZFF1OC1nMGRNNW1MTV8zTl9DYlZmMW1DM3FUVGEwdFBVUGYtNjRPV3lQNEZpZ3Y5NUJ2OElEa2lWdnMzeEJB?oc=5,0.0,0.0,-0.5
2024.08.02,"반도체 영업익 6조 달성에도 '긴장'...전영현 삼성 부회장 ""삼성만의 반도체 경쟁력 강화, C.O.R.E.로 다시 뛰자""",뉴스퀘스트,https://news.google.com/rss/articles/CBMib0FVX3lxTE9nNkdfNVJHdGVCRndWQk9qLWVFN08xaF9KRHNhVG9sWnlTb2JLWlFRRThfXzNnNlI1bHNucVAyVW5rT0RHUnJoWmcxTm9ua21VVWJkS1BsTUtWUzQzWGMteWxVZU4wY0lhLVdsdFdNVQ?oc=5,0.0,0.0,-0.5
2024.08.02,[유미's 픽] '마하'로 의기투합 한 네이버-삼성…양산 시점은 언제?,지디넷코리아,https://news.google.com/rss/articles/CBMiVkFVX3lxTFBwMTN3cGFPa2YwUEVacEZnYzVlakkwNGQ1a3hIbWE4MTlnVGxzdFhwYjJWMkM4SGpfU3E4OEhDYkNXNnRKaFkyalZRYjRDeV8tOEpyUFdn?oc=5,0.75,0.0,0.0
2024.08.03,"‘무노동 무임금’ 원칙 지키자, 노조 스스로 업무 복귀",조선일보,https://news.google.com/rss/articles/CBMigwFBVV95cUxOQzhsd0MyOGtGUWdsVEE4Y0pMRng3WjhqclVmNU1qUG5mdDktM3FFdU1jUFJGcHJac1RDZjY3LXRJb29FTjQ4OWpFWWhmOE9qeXhXOE1FT3JQMEF2SC1OcTkyTUpKckUtTGpJcTFkRDc4N3J0UXUxa0gzLUM2OFpndjQ0MNIBlwFBVV95cUxPOTFIRHNzc0d0Z0xHbnB2c204Z1VaZ0pTRUlSRGNwUHgxSW8xOTViSUo5dnJkd3FzMG94V2d0cjZaczRwb1lncV9WVUE4M3hhZXk2UEMwc2lSOF9vQ3RRaTU0b1EyNldQZnVxY2xTV0VrNFpaRUpiRWpOcHFhbXJOZnRObDdiWDFmVkJObDdwdnNkS0FFT0RJ?oc=5,0.0,0.0,0.0
2024.08.03,"""삼성·SK, 하반기에 더 좋다""…시장서 포착된 반도체 '훈풍' 시그널",mt.co.kr,https://news.google.com/rss/articles/CBMibEFVX3lxTE9RMXpCa1UxTkdfTHVfamgyd0p6dzdQTmxrNnU3b1JJRTBwYVRwb3doOUg4UWxQa2w1R2tBbmZGTW9SWlVHZm1rS29tMWJkWTdpR1NCTXpzZVZzWU1vTkJpRXdTcmM4UHJXOW1MdQ?oc=5,0.0,0.0,0.0
2024.08.03,"""한국을 왜 밀어줍니까""…'세계 최고' 삼성 날벼락 맞았다 [박의명의 K-인더스트리]",한국경제,https://news.google.com/rss/articles/CBMiWkFVX3lxTE1JT0FKOWhfcXM4ajJ5SmVoak05YVkxcXB3N1VLUzV4QnhMWDVMT1RFdVdITncxQk9DVGpiVURsX2o4MjE1V1hnZjZtX3V2WmIxVnItQ29oQXV1QdIBVEFVX3lxTE9JY05UQ1VSTnBQTmVJSWpCUms2RnpVZUhrbU8tX2Y1ZXZaYkM1cURONGRabzdKSWVlWGhXTnZOMWgyZXM1U0RFQm1lRGJPQ28waU0wVg?oc=5,0.0,0.0,0.0
2024.08.04,"""3나노 수율 성숙단계 도달"" 삼성 파운드리 순항 예고",파이낸셜뉴스,https://news.google.com/rss/articles/CBMiWkFVX3lxTE5CQzhNRzBrRUpIaHEzbWhpRTA2Q051MldEdm12ZFBKM1EwNC1YS1gtLVBGdThKTTlKd241UGhLZzVrRWkycmNQaUxiY2RFNF84MEVNZWdVVnU5Zw?oc=5,0.5,0.0,0.0
2024.08.04,인텔 26% 폭락에 반도체기업 주가 '불안' [외신이 본 한국],포춘코리아,https://news.google.com/rss/articles/CBMickFVX3lxTE1oUDJ3TVFmcUZISm9rTWJ3U3d0a0RRejJKS2M4dW5kZ3AxSE91ZUtCUDZ6dF9OSHVsY1dCSThMY3VsRmFjZjRsOU95alFTak9IaTJjcGFZMVNMX1NrV2dLaVlFWktCWFFWLXExTjRiaWQxQdIBdkFVX3lxTE5ubVIyX05jaGJ2U3B1cFVHOHR6Z1FtOTcybmZpT0x5dTcyVG1zV0pzYTRqT0dEbDcxNDFnWVVrZlZCWWVPWUczd2hlVWg4WnZ1VTRyUUo2SGhtRWpHTHl3Q3BnWDB5ZjJ2X21sZ3N0RnNzcmcwNHc?oc=5,0.0,0.0,0.0
2024.08.04,"삼성SDI, 美 보스턴서 석·박사 인재 유치",전자신문,https://news.google.com/rss/articles/CBMiTkFVX3lxTFBLdUdXSU5QM2VRNm5SY1h0TF9ZLV9uTnBUZFh6cXFDSXRndUl1UTBzaWVrUE1Ra0paTE5KSWpQNXVPRkppQzJMVFFOalRTUQ?oc=5,0.0,0.0,0.0
2024.08.04,"삼성전자, 고용량 1TB 마이크로SD 카드 2종 출시",samsung.com,https://news.google.com/rss/articles/CBMi7AFBVV95cUxNclpoVmtDU2hVckVPblI4WjFsd1R2ZnBTdlUyNllyajl2dVdrTjFCdEVsTFNZVXNSdVNuaW5aN0g4MHhJMWVDY2owNkdTc1JrOFo1TFUyaUx0UmQ0RU1ESzIxakpIREJqbDh2M1NXV3Vfa0NmY2xoTVpDTDRCOGVYZWl0S1dpVEZaM1o4WE5nZWFpUkw4OS03N0xmS1BfcUFIdFJJbVJtYV8yaXVVZ0IyVWtrMEJGa0JESUhSdWptTnVBZFVoelpFVXoyYVVxMkFsSWFlaElWVzNvSkNnWG4yZE1Ba2laVUxCU1E5eA?oc=5,0.0,0.0,0.0
2024.08.04,“외계인 납치해 만든 반도체라고?”…세상서 가장 빠른 그래픽용D램 만든 SK하이닉스 [위클리반도체],매일경제,https://news.google.com/rss/articles/CBMiVkFVX3lxTE53Z09vbDZYOHU2RG42MjlxcS1scUQ3MzgzOUExM0V3WFRTa1dGc2VKVWd6ZU9VVmljXzBZWU9aMFF1WGRIMVhpNU5LX0F0MVFhYTVHWURB?oc=5,0.5,0.0,0.0
2024.08.04,"시그네틱스, DDR5 패키징으로 회복 기대",핀포인트뉴스,https://news.google.com/rss/articles/CBMic0FVX3lxTE85cTRkd2hfRG5CSlJUZ0xJU1BUTHFfQU9zdjAyVF9aUmNqTHl3RHVqMUlFcGRNaEhiRlRySmNMdjlheTM4MnZrWEluVjhDeUhEOUV5eGJsT2hoVk5WNl9DcG5vNjdDREUtbWdSVEVsMzhmTW_SAXdBVV95cUxOUkY0S1MxM1IxQXBzS2JtR2hKS29RQUgzaHpNcUl0M29maWJKSVVwTzVzbFNaWkdmSFlQMnBhOUY3RzJoaGhNMzAxN1pKdWt5ZFJpQUxvSmRZdWk2MXgwcXphZ2VBbXhkTjVUNWc0d3dsYmdUUmVOOA?oc=5,1.0,0.0,0.0
2024.08.04,"[정책탐구생활] 세계 ‘칩워’ 가속… 한국, 시스템반도체 점유율 10% 달성 지상 과제",브릿지경제,https://news.google.com/rss/articles/CBMiW0FVX3lxTE9ySkVJRjNUMFg5ejNCRzhYa2ZQbmptcnZjQ0VxQnZoMDlPZk14dFhVa0VidkJsekExMW4tN19qLWNKVzcwS203NHV1MFVnZi0zMTdjYzRZSlRaeUk?oc=5,0.0,0.0,0.0
2024.08.05,"삼성전자, 업계 최소 두께 LPDDR5X D램 양산",samsung.com,https://news.google.com/rss/articles/CBMi3wFBVV95cUxQTHFFX3gyQV9jeDJUT3gwSjBlZjR6bjB5a0NvLXhCd3c4cmE2N0dWcFI4SFZKaXIxdnY4aGwwd082WlFvcDhKV0hMYmUtaGU0Z0FYYTNadVJaWnhFaWFJUWEzZFk4bTB6YWpvYWZ4MG9NeTczYkctYXpiUnhDZDZabzlHbWhkT3pzbGNNdE1mUXZ5MnFTb0dUX1hIdHkwdF9UX2h1eWxxWDRwZ2VQVXRaY3k5ZmsySkxqRmxuRlZicjBjUjMtRldZTHh3SGd0enJmekZ0ZVlYbUhySERmREpN?oc=5,0.75,0.0,0.0
2024.08.05,반도체 훈풍 속 삼성전자 시스템LSI 성장세 주목,스트레이트뉴스,https://news.google.com/rss/articles/CBMic0FVX3lxTE9saWs1QUNET3ZTVTFKbzVfSGRDemdrV2o0U2Flekx1clVxWkhMMWxWbHpSU0pyRGNtdDNLSkFIaU04R001OVRvWU9ZX1NPcFJ6VTdwbktYWFJ0enhIZ0hMbHVQTlJONWpkdjV5di1zMzN4RWvSAXdBVV95cUxONWhCYVREWC1qaFc1Z1czREtlNEk0Ml9EU3ZzWkZBc0NSdzVZbkh2MFhBRTllMk83QUZOei1Cb0FENWs2b3ZXUWg4S2xZUFhXaWsxZ2hpVFE5aWZBd190ZS1oWmU5ZVFEd250NVRDM0dnOXdCSG9qVQ?oc=5,0.0,0.0,0.0
2024.08.05,"실적개선 이끈 삼성 DS 부문, 시스템LSI 기여도 높아지나",헬로티,https://news.google.com/rss/articles/CBMiYEFVX3lxTE5jMXYyLUx2ZU0tLXBXUGplWlpmRmZ1VEl3RUZmUlJOTl9zbDJuMnducVZtcW90T0FadXV3STQtSnJLQUEwWjhUeDh4SE5DZjdXY0hLcnh1bDRXVGh2bU9IRw?oc=5,0.0,0.0,0.0
2024.08.05,‘제주반도체’가 도왔다…제주 수출 품목 1위는 ‘반도체’,인사이트코리아,https://news.google.com/rss/articles/CBMic0FVX3lxTE1kOWU5WDQyMkkyUWtIQXhxbFpXQ3FkQm5QLXc1MnQzeU5DeGptMTV6NUQ1STBxMGhTcktkUXh1WDE3THdfbTdacDdQeXZ0YTUwQTQ5R3YwLTFxd0d3ck13bzVhUXhFVHRXQWpIR2thQkZneG_SAXdBVV95cUxNRkZVeDR0UTcyZjFnQWFGTml6Z2tuRjMzWklhV2lleTYwMFlaUzJDRVc1Z19IZy1XazdLNEQ0SThLbUJfa1NMR051cGRrbWw4c05sSGhuc1lXQnJHNno5OUkwRE9GektlYVp2dFdVTzlWWjBhNjc5bw?oc=5,0.0,0.0,0.0
2024.08.05,"중국 창신메모리 자체 HBM2 양산, 미국 SK하이닉스 삼성전자 수출 규제 대비",비즈니스포스트,https://news.google.com/rss/articles/CBMic0FVX3lxTE5vX0YzMFllRXpYZUw1cGhianJTbEFFcmZ2RHNDdjZXekk0bllTYUpZOVhxNmxCMV9feFNZZWJKcU5DVV9fWGVCV3ZpdTlwX1NYNklsaEdhclpRZ1lXeEI3M2pXOFNwdEFfN1ZnQ0RUaDBtUWM?oc=5,0.75,0.0,-0.75
2024.08.05,"GST ""데이터센터 액침냉각 장비 선도할 것""",한국경제,https://news.google.com/rss/articles/CBMiWkFVX3lxTE85cDhybHFGVlc0Rjluek5SRjRsd0JNOE51a0QyTXNMTXBXbnAwWGdZaUhHVE5aWEtoQWk4azhtZ3BIMG11M2F3bEowV2w0RlMyQjBWUDZrbF96QdIBVEFVX3lxTFBWX083RERTWHhxTEVfS0JrOEZGNzhKeHJBM0pmZUhjbHFpcDJWTEtqNnd2VlR6M2dCMlJXSU9xQklFTkxhcmluX2tXcUFyV3A0eUNWRg?oc=5,0.5,0.0,0.0
2024.08.05,"전삼노, 삼성전자 1노조 사무직노동조합 흡수 입지 다져",파이낸셜포스트,https://news.google.com/rss/articles/CBMidEFVX3lxTE9VZ0FwaU1jUkEwX1JDY21uYTY1Q0k3c2FZNWRjNlFjanZTR1pvcFBFeXZxWl9YV082X1dHYmJHVEdFV1JhaTBhX2RLd2NwRGpLX2N6cXJiakd6S0lKVmttYlpzSWVBY2xNaVpHTEV4OGdMZURL?oc=5,0.0,0.0,0.0
2024.08.05,"美, HBM 중국 납품 금지 검토...삼성전자·SK하이닉스 '골머리'",월요신문,https://news.google.com/rss/articles/CBMiakFVX3lxTFBPV2ZKVjhzTVdXdy03WW9nN3dBTlp0MWQxRmZwVmVyYjlQcDVsYjJFYXBqTFdvUXAzQXlMTVJNeFNNYlF1UlVfbVZPN2Nsd1RwU2pzeVBvcXZQS0NiS19TZzlMVDFvbFg4NHc?oc=5,0.5,0.5,0.0
2024.08.05,"PC업계, 반도체공장ㆍ물류센터 수주 ‘기지개’",대한경제,https://news.google.com/rss/articles/CBMic0FVX3lxTE9qdDFxQVY2Y2l6TEVrVHFNdGxsbG54Q0J1eXVSTTRCblZxQmVPTkY2c3ZqaVQzZ2c2Sl9RRXFaTktBUzBvUjBpSEp3N0hLSWMyOTRNcGhUVUJfWmxPd3JpUTJZOFkwRDhxckZjNmxSSURJRnc?oc=5,0.0,0.5,0.0
2024.08.06,"삼성전자, 0.65mm 업게 최소 두께 LPDDR5X D램 양산",디일렉,https://news.google.com/rss/articles/CBMiZkFVX3lxTE13VXZvVVY5dVBGZllvSndKT2ZlMWlqMGU1OVV2ODlNS3JzRTlFLWhzUjVIdDV4TDUwaGZad2IzNGpQTm5UU1h4ZEc4LXBLS1Z0eFZKNFVqOTlsZXR5aVlZTkM1M3RyQQ?oc=5,0.75,0.0,0.0
2024.08.06,"삼성전자, 파운드리 고객사인 美 AI 반도체 '그로크'에 투자",지디넷코리아,https://news.google.com/rss/articles/CBMiVkFVX3lxTE91Mi0tRGxVQm5Ya3hjUy1wMUtockNaUTUtLVJYa2NyYVE0U29oYnZseEZpTGtBc2VfT082dEM2eXlneUs4ZFVQa0JtbnJxaTFyM3AtSDZn?oc=5,0.5,0.0,0.0
2024.08.06,"[챗GPT가 정리한 한국기업史] 삼성그룹, “1938년 대구의 ‘삼성상회’에서 출발”",월드코리안뉴스,https://news.google.com/rss/articles/CBMibkFVX3lxTFBmU3RhUjBWSWFpM0VPUEEtaUF5cGRQVUp2aGZVbFFLTEI5bmR0amJBTy0wUlB3eVpuQlFNU0ljZDhJZ0tTLVNuU3V5TEMxX2hJSVdWMzlZTVdEbG1WWTJ3TkV2UmNZZ3RiM1A3RERn?oc=5,0.0,0.0,0.0
2024.08.06,사교육 시장 속 ‘반도체 공정 체험’… “자소서 한 줄 위한 거죠”,녹색경제신문,https://news.google.com/rss/articles/CBMiaEFVX3lxTFBOaGdPTUtDUnQtSlNXdHRrQlNYQ1dEN0hGaWVfWnd1bUExTkNSYWdnTHNVb1hZZExYUm5Ob2xGT0xKclFZWmZyaHh0dGoxVDMzd0NPTENOQ2lVdGZTLVdjU2tCbDlTemFw?oc=5,0.5,0.0,0.0
2024.08.06,"삼성전자·SK하이닉스, 여성 리더 발굴 ‘앞장’",SR타임스,https://news.google.com/rss/articles/CBMiZ0FVX3lxTE1hczNpdkxYNE9kSlk2YjFPeFpHcWRfanBCZ3NxTGVjeFJpa1ltU1NBVUk2OWplSTZPV2d3bHlBSzI5XzFuTzBucmUyLW1qeHJIQzV6eWNSZS0tQ3JFVVo1OHBIM2tKd3fSAWtBVV95cUxNVXlDUWhhM3dobWNLNkFLemFsUmJfTG1FcDNiQzZFS0dDdVZkMGtac0xNQ0RJYXcwTVh0ZUhWTUtQVXJxV1dVQ1htVlFXVHM2V04wNGhGWWExSmRCZkJ0WnVGOHczQ2JRZlRZRQ?oc=5,0.0,0.0,0.0
2024.08.06,[단독]삼성 360조 투자 용인 반도체 내년 착공 추진,mt.co.kr,https://news.google.com/rss/articles/CBMiakFVX3lxTE1OYkF5M3NYZmNycVVkbE5oMWhpYjBKYVZReVdzYWN1Q3VleTRQTWF4ZUFpMHFyMTFaTUlGbm14bkcteUNBdGdUVlRQbXI0UGdKcEg3czdtaXdZQkhGZS1sR2NWVXRDeS15Mnc?oc=5,0.0,0.0,0.0
2024.08.06,"로이터 ""중국 화웨이 바이두 '삼성전자 HBM' 사재기"", 미국 규제에 선제 대응",비즈니스포스트,https://news.google.com/rss/articles/CBMic0FVX3lxTE1OTm1JZTJTQS02ZGFtZTVSTVpQMUw1dzFPRFpwTTZuVEFxUlQzbW5PSXZ5Mzd2U1pWZF92Z1otZDM4emR0UWg1V002WGc4ZldnMElOdEkza2FBN2JEdUk2RnVyWmZvR3JYYkFENV8tOVpFbE0?oc=5,0.5,0.0,-0.5
2024.08.07,"삼성전자, 생성형 AI 서버용 최신 SSD 'PM1753' 첫 공개",ESG경제,https://news.google.com/rss/articles/CBMia0FVX3lxTE0tSnZsRWk0OUdKT3YzR1BkYmtUOFFwZzlab0dScnhxenRtU3Bya054bE81VUptRXNxczVmdm1xam5odGdLNmxnZmRwWEc3VFp6ek5QNDdnNHdUQ0FZVmFfVWNJQ25aU01CblFn?oc=5,0.5,0.0,0.0
2024.08.07,"삼성전자, 온실가스 배출량 확 줄였다…7년 간 최저",데이터뉴스,https://news.google.com/rss/articles/CBMiZEFVX3lxTE5oSi0zNHA0OG1zTFp2VzQzTnZ3aTFMODI2Tk54RU94alJ0bEZreUcwMGpGLTFzbWZiZGRlX3k3aWFKdVhDYnd3c25TU3d4OEZSbzJxRFNPbGRnck5DMFdXbFFXcDU?oc=5,0.0,0.0,0.0
2024.08.07,"또 삼성전자 HBM3E 공급 루머…삼성 ""테스트 진행 중""",디일렉,https://news.google.com/rss/articles/CBMiZkFVX3lxTE5VM0V0NjNkbE5TX3BEdWxkVjY5RW5lSXEwcTRSUjR5c3ZtM2pINnFKSU5XZGR4Tjc0cldNN3Z6eDk4eVI0YTQ0OE9neUxBTUN0Q25LeHJlTThCOVdxeDA4Z2xyOWE2Zw?oc=5,0.5,0.0,0.0
2024.08.07,[Who Is ?] 전영현 삼성전자 DS부문장 부회장,비즈니스포스트,https://news.google.com/rss/articles/CBMic0FVX3lxTE1nWHFDS1E3Mm90dk9QaE9HM1BaNm8takNRS1NOSVpxNUNzaHE5UUdmQ05aVG1Ybm96RlZ0cXBDdXBSdjVvSFhEdklJMEdtel96TTg2VWR4Rkt1bi1fVk5Qb0dKdkhLZU1xNVdzV0hXZkgtTVk?oc=5,0.0,0.0,0.0
2024.08.07,TSMC와 삼성전자가 서있는 자리,한국경제,https://news.google.com/rss/articles/CBMiWkFVX3lxTE9xNVluRGNoY1FmbjN0eS1ucTZuR0VDZ3EzZ1YxbDk4bnlyRVRxWlJZZ1BGQVJTZ2djUGxsZXh5UmpDTjRXellMbTZ6UEllUWsxd0h5Vmk4ZkRLUdIBVEFVX3lxTFBFZEp2NUpyR2tIZUZfMkpqNzZTRUJtNHRtSDFtelBzcFBUZmMtWTMwTEtITEZGQjJ3QTF2QmtyZlg2RUtEd2drVUdrNjZjQWE2bndkTw?oc=5,0.0,0.0,0.0
2024.08.07,"하버드대, 삼성전자 고소 “반도체 기술 침해”",v.daum.net,https://news.google.com/rss/articles/CBMiS0FVX3lxTFBtM1hDQmJDRDJjQUpuUi1ZaHdJdF91VVI4Ui1uaTkwOFMwU0JfNFpfNXRXdDU3dUhETC1pRnJKZHBDeWlLQzJEcTFrOA?oc=5,0.0,0.0,0.0
2024.08.07,"삼성전자, 생성형 AI 서버용 최신 SSD 'PM1753' 공개",연합뉴스,https://news.google.com/rss/articles/CBMiW0FVX3lxTE5hdnR0Qi1SelBNbVR1QlVzcUFsMnJqQWRGamdRRTRGQmFVMVZZSGgzck5Rb3ZkZkFUYUZoNC04bUo3YmZxRml6b1JXRm1qUUp2NTFzWEZLamxrcnPSAWBBVV95cUxQTmZLcm8teC1rbFZvb1NaeEVqYms5Z3pLYmM5SWVwZTQzRW40RFJVS2E1a1dNOUlrQXl0RXhPR2J2YVhRRW9LX2pGdWlaVUhLU3gxYzJqeENVQ3MzaHJ1NFM?oc=5,0.5,0.0,0.0
2024.08.07,'HBM 효과'... 반도체 후공정 외주 생산 OSAT 업계 실적 반등,디지털투데이,https://news.google.com/rss/articles/CBMic0FVX3lxTFBUNEJ0Tm5SNW01VGR0cGNJYU1Cby1LQ00za2dGTFFJMWhYbGw1bERfTlBWZ193NUFKR1B2c3pyMk9KbHM0cWNxenJjSkZ5OWl6bHFqLW12UlUxbm5yTnF6bFVTLU5xRnB3MmlYYXlTcWZ6cWM?oc=5,1.0,1.0,0.0
2024.08.07,"[영상] 삼성전자, HBM 후공정 일부 외주화 배경은?",디일렉,https://news.google.com/rss/articles/CBMiZkFVX3lxTE9lUWo5M2QxUkxxSEczc1M0cGV5RFFENmhqUTRXRDg5Nkc5eHJoVm8wd2FKYVdBVHE1cGlpTV9TLXFXc2JoRy12TkdOY3lycGcweGZKdWdMbktNUHdkTHJTZHVwcWFrQQ?oc=5,0.5,0.0,0.0
2024.08.07,"[단독] 팻 겔싱어 인텔 CEO·이정배 삼성전자 사장, 세계 최고 권위 반도체학회 ‘ISSCC 2025’서 기조연설 - 조선비즈",Chosunbiz,https://news.google.com/rss/articles/CBMiggFBVV95cUxOOUxWUlhYcHhJYUJoX29lV0JtVGFzejI0OWxycW9KYjRZMlB3X2dSdWg1dVYtWGpZelZBVXRnNUFaUFVaR0VBa3ZHbHpxcTlDX3pzRWU1eTZoek9UUUhhb3ZyVmJObTFtcmk1ZS01WDRHRThhQVQ3OWRzM20xcTVoN09B0gGWAUFVX3lxTE1hZy1QZE9PeUVlR0JHd05sNklyRmRZalVhQ0xpOHNoVC1qdzREUkdFT29YV3RUeUxXS1hENlZENTdvMUJ5c1E5NVd1dnprU1dmYUMySmRZQ2pRTm9oeE91dVZFVnhySTRtWVNrbGpybTk5LUR6ajBMWWtCSFJBejZnYzZsRUduNHR2cDRsOUlyR2lsc1MtZw?oc=5,0.0,0.0,0.0
2024.08.07,"주성엔지니어링, 신설 반도체 장비사 대표에 이우경·황은석 공동대표 내정",디일렉,https://news.google.com/rss/articles/CBMiZkFVX3lxTE9WZ2ZGbWQ1Y2lxMzVIbmFfZkk1RFkwZnZseUU1b2RDOXc2azFfMmNIYXBZUER4UnBWenRUT3psYkVrU0FUa01WckdhTDJkRGxtSnliSzY4SmUwVGVEdlF1R21DdHN4UQ?oc=5,0.0,0.0,0.0
2024.08.07,"""반도체 기술 특허권 침해"" 美하버드대, 삼성전자에 소송",네이트,https://news.google.com/rss/articles/CBMieEFVX3lxTE5TX19fSWJuWElSRUxHR01BcUc3MlVwcDFhNjZXbTN2T1hQVHlkSjdzQ2hvanpsekdnMXlEbHAxblk3Q3NWQm05NlRUWEJqWjlTYjNSMjhXRXJENGJfSjY0NURPZm1ZVFlWMmZPelNkTHFYQjRYMTBlOA?oc=5,0.0,0.0,0.0
2024.08.07,"“반도체 키운다” 주성엔지니어링, ASML 출신 이우경 대표 영입",전자신문,https://news.google.com/rss/articles/CBMiTkFVX3lxTE81WUdBOFlTd2pRMTBobHlXRWY0UV80UkZZN1pSbWs4MFVBU1ZrSnVpLWlOcVEwa2ZGVFNvbGFtUDFBRFVEWmc4ZjdUREtlUQ?oc=5,0.0,0.0,0.0
2024.08.07,"삼성전자, 2026년 스마트글라스 출시…AI폰 잇는 캐시카우 키운다",sedaily.com,https://news.google.com/rss/articles/CBMiVkFVX3lxTE1GX0twa3ZmR3pHZERpZ3RZYW5KeFdnUDVoTU9GMWpYcUYxR3hSWGlfY3hwU1lXaW5ESXYxZmZXWEJwWDMxa09HNGdRUWRURnF2U0RCMnhn?oc=5,0.5,0.0,0.0
2024.08.07,"삼성·SK하이닉스, 9.4兆 보조금 받고 美 투자 속도 낸다",지디넷코리아,https://news.google.com/rss/articles/CBMiVkFVX3lxTFBROEZvTjNJY0JSV0ktOW1XbEhsYUFTMnNHOUw2clVMZm8wZG1mRWd4MU90SFRTXzUwUVduVU9TdWt6aENSUTBfWTFhRklod1pHMDBGdmZn?oc=5,0.0,0.0,0.0
2024.08.08,"""임직원 건강·안전 최우선""…삼성전자, 반도체 물류 자동화 가속",뉴스1,https://news.google.com/rss/articles/CBMiZEFVX3lxTFAwN3Q0YUltV3ZxR3NSU25aOEIyWHB4NEVsdzBSaGVSaDg5d2RtY3RCdGRsTU1seVZBQXNEZ0dFcTR3cTA2WS1YQ3ljaGNBWWMyd2VNa09UQUNaM3Z5dEZmTlh0eHI?oc=5,0.0,0.0,0.0
2024.08.08,"삼성전자, 반도체 물류 자동화 가속… 임직원 ‘안전 원칙’ 선포 - 조선비즈",Chosunbiz,https://news.google.com/rss/articles/CBMiggFBVV95cUxPWjdNZnBPaVJQXzcyWlhDbUZxcGdlSndWczdPbVFPY1FtcW9Oc29KLTFZNU9mamdYT00tWXd1b0xlQ0g5VTFJWTY5LVBQenhadWpaZU16NFJJTUc5RC0zM1V2b1BqZHd4dzgyOHlFRGVaTnI2RVlGWXNyWm5MZGJ4bkZn0gGWAUFVX3lxTFBybjRZTlFJLUtxdjB2aElYaXgyODloQTE2N0l3bTZ6NmZPNTcydGxFNHV1RzJZQlVCbGxfbThraFFwdExMUHlfV1pjOWpySVRLbGd1M0dJempBMDduVzd0WHA4Q0JZbWhMcmdoaTlaNFJRT0lLenhOUHd5cXhFWWh6OGY0bGlZc1A4SVE3ZkZDaDkyNmVTZw?oc=5,0.0,0.0,0.0
2024.08.08,"""안전이 최우선"" 삼성전자, 반도체 공장 물류 자동화 늘린다",지디넷코리아,https://news.google.com/rss/articles/CBMiVkFVX3lxTE9oNUlESDdTMzh5QnhpWnRhd3c3YjFxaWZtS3ZYcWhSVEN3NVBZOWpiN0I0aWE2bWxwTW1lX2VBWEUzeEVmaFlVRnhIRkJiWDBMM1FUOWRB?oc=5,0.0,0.0,0.0
2024.08.08,고객사 '탈탄소' 압박…반도체 재생에너지 사용 늘린다,뉴시스,https://news.google.com/rss/articles/CBMiYEFVX3lxTE81aDByLTVCU1FHb2hmY2pXN0hxNDNtYzFLUmt4TUplM2tLUlY4VWpZQjZFZkg5Tk5rMExCQ0MzWVVSUlM3YlJTWFJwZmQ3dUZkNmZHVDdjRllMaFNvM0E0QtIBeEFVX3lxTE5zSVcwc0RmbEt6cURmZndIVHladUtKaENqb1RmNm9hSEUyWl9oLWQtenVrcUl4UUVIYlhSZnBVeDNhRDFGRkJIaFUxQ0tLc2Njc1dETDhJWGd1VFhvdHJJR1hNOGZIT09nSDUzUlNrRUxFSG9DVGpPMg?oc=5,0.0,0.0,0.0
2024.08.08,"삼성전자 반도체, 가벼운 웨이퍼 박스로 교체하고 물류도 자동화",중앙일보,https://news.google.com/rss/articles/CBMiVkFVX3lxTFA4YnNOaDI1RnNrLTFTZzRNRjd3R0xObEhvOTB2cFNGaVhkWC1qS25mLUxEUjZ5T2kzaHZPOS1uUzVyZmJ3QUhXMklJSFJ5ZzhBdUxpZDd3?oc=5,0.0,0.0,0.0
2024.08.08,"[人사이트] 전호연 잇다반도체 대표 “반도체 인력난, 설계 자동화 툴로 해결” - 전자신문",전자신문,https://news.google.com/rss/articles/CBMiTkFVX3lxTE1Eckw1eEhlMHNKMGg3RzFwYUVtS2QtTWxLT2stc0dmSjQ0ckR2V3VkLW1XbWhhUFI3elV2czdLbU1YdjN0eU54MldkSnFMQQ?oc=5,0.0,0.0,0.0
2024.08.08,삼성전자노조 파업을 돌아보며: 경제 위기를 이유로 파업을 멈추다,노동자 연대,https://news.google.com/rss/articles/CBMiREFVX3lxTE9YS2I1TVduRnJsazROamVzekxUY1E1a0pEUUF2QmxFODVuMWdYbFBtblE3X3doMTdSbUQwT0pRTEUzRzM0?oc=5,0.0,0.0,-1.0
2024.08.08,"삼성전자, 임직원 근골격계 질환 예방 나선다…'안전 원칙' 선포",연합뉴스,https://news.google.com/rss/articles/CBMiW0FVX3lxTE1OcjBFWTRDSHBESDBLOXlEOGZYd1gzcG91UnlzZmM5eUlGNmRidTRHV25XQlZXenpfRmpZWHMycmZXemJ6dHlLWktRTW1IY1dzNmJreUxiYlVUdjDSAWBBVV95cUxQakp5YW90a2JhQ2xvS2pXX1FtOW9vOG5Sa3ZCOXd4N2lIcXQ4QklxOWkzUUhGaDFDbUlKQkNidExhQjRtQXUtV1haR1pQUlRGazhtalRjSUhNMm85M2pqTGc?oc=5,0.0,0.0,0.0
2024.08.08,"서울반도체, 글로벌 디스플레이 LED 부문 '첫 1위'",지디넷코리아,https://news.google.com/rss/articles/CBMiVkFVX3lxTE9VUklVOUpxdXoyMTZveUZ0cTFfRzA0N1J1LV9RZGpGQ2dIT3ZwU1phRFVYQnRZWXdXcXc5dVJURWZKd1hQVVlTY0gwbUhiaHFiVnpUQVJn?oc=5,0.0,0.0,0.0
2024.08.08,[기자수첩] 반도체 산업이 '물 관리'에 진심인 이유,아이뉴스24,https://news.google.com/rss/articles/CBMiTEFVX3lxTE5qSG9lVEg5RXhTOHVyZ0hKalFVcnJnRDhiLXpOMFhsMnAtekhzcHFMd3VueDg2SFZ2Zkczb21VaWFZR1IyeXhUbFlDUmI?oc=5,0.0,0.0,0.0
2024.08.08,2026년 CXL 앞세운 AI '변곡점' 온다…반도체 업계 대응 분주,전자신문,https://news.google.com/rss/articles/CBMiTkFVX3lxTE4zZW5ab0t3UU9tN0RZckRkUFd2WGVEQWg2eDdXU19kRldsVnZNYWhTSUFjbFRyd3VEVWtQcDlzcE9WT2ctMi05QUxMN0syUQ?oc=5,0.5,0.0,0.0
2024.08.09,삼성전자 텍사스 반도체 공장 '한파 보상금' 5500억원 돌려받는다,더구루,https://news.google.com/rss/articles/CBMiX0FVX3lxTE9WNm1iVnl6cmZ4TFh1bnVxZjFfSnltZDU5Vk95ckI1X2d5VHAxMEhLOFlFUm1EZlJvMGdrN3M5UlNpVGhZWWw5TDM5UmRoYnhURDdhSVY1OW5CZGJid1lZ?oc=5,0.0,0.0,0.0
2024.08.09,"[단독]삼성전자 텍사스공장, 美 보험사와 '한파 보상금' 5500억원에 합의",뉴스웨이브,https://news.google.com/rss/articles/CBMiakFVX3lxTE5zOTJTdE14NkVRdXJqYVNBTVlNNl95V1VjdWFSSHFzNHNzOGhXbEcxNEZXNWRXbVJlSEZaWGszUkNJenFnZXhpRUJkODBTM2J2RTZ2TVdmUkR4QlNPZXJXRDFqU3FOTU02anc?oc=5,0.0,0.0,0.0
2024.08.09,반도체 빅2 폭락 뒤 ‘빚투’ 1265억,v.daum.net,https://news.google.com/rss/articles/CBMiS0FVX3lxTE8yaV9FVzBiNEFhVDdCbVF0QjYwbkdHN2ZxRjg0RUk2amFrNnZlMTRPRTZvT2dqNE9kTnAyRnFBaXpZS2pSdUFFXzJBNA?oc=5,0.0,0.0,0.0
2024.08.09,日서 가성비 'EUV' 장비 개발…ASML 독점구도 깨질까?,와이드경제,https://news.google.com/rss/articles/CBMibEFVX3lxTE5sdU1hRTcxeFlMeEFRS1BMbEpyRlFEdWZQR3dFUURhT01TVlJoSEpSa25ZMHpDOEtySWV3Z1dtaDd6dk9vdWZSOVJoMVNnVmdXUkxKOEVBXzlyWFg0Y2duZHgzbzBhTTZGVjdRWg?oc=5,0.0,0.0,0.0
2024.08.09,증강현실 운전·폴더플 힌지…삼성전자 특허로 본 신기술 동향,아시아경제,https://news.google.com/rss/articles/CBMiYEFVX3lxTE44a05sN1lwOTBJVmtJc1M1NWpGOU1YcnhUMERKeUJzeUlocUlLaWhFLXptSHY1dmxTdkNSaWYzc29yM0ZweThOcU1tcVNaVEZRZmp3QUtObEUtdkVzSDVMNg?oc=5,0.0,0.0,0.0
2024.08.09,주성엔지니어링 '반도체 신설회사'에 이우경 前 ASML 대표 합류,지디넷코리아,https://news.google.com/rss/articles/CBMiVkFVX3lxTE5qcXV2dW1ReTNJZzZTV0lsSFdHNnEwV0xQUmt6WE1FaWJodmRlQ1VFTDVKRWRzM1RGX2pUM0RJSkFxTU9VRXJmaXltNkdyMXRKYzJJOG93?oc=5,0.0,0.0,0.0
2024.08.09,"[넥스트 반도체 핵심 '경기기업'②]일렉트로엠, 세계 최고 수준 '연자성 분말코어' 기술로 '삶의 질' 향상",전자신문,https://news.google.com/rss/articles/CBMiTkFVX3lxTFB1dzRpOGpfQXZtMmJURkpKeDBKSEpCeEFyb2IzYndBLV94TXdlR2FjQ3FQTzRYNDZnT2RaM3dDSW00TVBHV0Z0cXZGOWJaUQ?oc=5,0.0,0.0,0.0
2024.08.10,"[한눈에 보는 Weekly 기업 소식] 롯데에너지머티리얼즈, 스페인 동박 공장 완공 2년 연기",KIPOST,https://news.google.com/rss/articles/CBMiaEFVX3lxTE1uSHNWTm9BZlE1dVVRcXdnUFJoMWlkc3hrckhyOUdpd3RtQzNJbkpRR0pDekFyNV8zejBVQU5QekxqVzNUYUJObmdOX3JzYXloR3VHX2xWXzRxdU14akVBQTZRdDZWWGJM0gFsQVVfeXFMT05Ed1NLRXpkQVo5X09tSzFSVVNSaWdFWUNMQjNVTVJGT0R0TWVOdmtWSUU3ZHJBZ05zQ1FqTGl1bUVUQkpxRktCODh2ODAySlBqRENGekpxdFdHek5NWjBGYWVLal9oeTBheTBv?oc=5,0.0,0.0,0.0
2024.08.10,"낸드 관련주, '아픈 손가락' 오랜 불황을 끝내볼까나~",Naver Blog,https://news.google.com/rss/articles/CBMiWkFVX3lxTE5QVVJOVHRJc3N2QXh5MnRMZVNQcFNBSkRYc2l0SmtKbWxKYkpXNzdsSG8wWm0wQUZYTTVyLUNmdU5JQnNSbENRR1BlZ1JLMmpqbWtoS2t5V0dMUQ?oc=5,0.5,0.0,0.0
2024.08.10,삼성전자 노조가 '떼쓰다가 빈손으로 패배'했다고?,세상을 바꾸는 시민언론 민들레,https://news.google.com/rss/articles/CBMia0FVX3lxTE96VUxSdkRyNUROUEs4MUpmYk12a043cFoxaGpPRWZwOGM1Z09xVklIQmdOaWRYZDl6a2JQMjJrT1JzcmZRS1NSRXdlSG81LWRSZktJTDNvTDRLQWN5VFR6cEo2REl6T0tKNHY4?oc=5,0.0,0.0,0.0
2024.08.10,"‘공정 자동화·무인 운송’ 삼성·LG, 제조혁신 가속화",IT조선,https://news.google.com/rss/articles/CBMicEFVX3lxTE1Ddmd2clpTOFEwdUdnc0g3VmpGMTI4YUs4XzQ0Z0xEd3BOTWZjcGYtbV9sdzZiLVpfN2tVNWdNUFNsNWhpZEdlUXlwM3MwQnpTaDZMR21LQXlzNy1XY0pXN3ZUcTBqN2hBU28tWmpid0TSAXRBVV95cUxQOWxKWWFZbmxjSjJETEpJU3cxQ1pNR1JSWEhEeUNLR0FvWmFUQjAtM1VCV2Faa3dUa1JReTU1VTl6enhpYmNpclN3TjdGcmg0OTlqN3FnSkV2VG41LWRaUEctYVV3dzVuYzNyMWJLdHFRUjZlcw?oc=5,0.5,0.0,0.0
2024.08.11,"삼성 하청업체, 갤럭시 만들던 03년생 백혈병 노동자에 부당해고 사과",경향신문,https://news.google.com/rss/articles/CBMiWkFVX3lxTFAyejhac2kzUlRBQXFiVzdNUFk0NFVZbXRGMWlabl9jNUdMdy1UUm9Ncm5FSnNIdGk5emRVM3dUbmVOVWJHa1VhTHJKSnd5VUdIZmpaYjJVdExVQdIBX0FVX3lxTE9RT0dMV3dWNGk5YThPVi1UdGVMb1pYTFg2R3dUa2xPeGNDb3U4dy1Za0Fra1NHQS1CUzFtNV9ZMzJjMXFCbUN6b2tmd1BfUlMyWHZ5WHhrdWFKeV9NYlU4?oc=5,0.0,0.0,0.0
2024.08.11,"[AI시대, 가치 네트워크에 주목하라] 삼성전자·SK하이닉스 HBM, 반도체 생태계와 같이 크는 `가치`",v.daum.net,https://news.google.com/rss/articles/CBMiT0FVX3lxTE9ST2tsSHBZem5tNTN6Mzg1MmhBUEl0YmprQ2tJY09TR0ZKbDluUFp4cW5qRmRzczhKanVDOHUxRzh3NHg0dVg3MXZBb0pDZ2c?oc=5,0.5,0.0,0.0
2024.08.11,[르포] “삼성전자와 차세대 지능형 메모리 기술 개발”… 카이스트 PIM반도체설계연구센터 가보니 - 조선비즈,Chosunbiz,https://news.google.com/rss/articles/CBMiggFBVV95cUxQeGFlejV1Rl9fbjUtNko3aDkwbGZEam9nS08yUTBuTTdJaHg4STMwYnhJQXZ4V1czRXZzTVY0U25WX1JNM3h4TzBwYjlCcHNqeWFHZFptOWk0TVBsVGpQMTZMUEg4d2xieGtYc2xXMVJEY3psTjRDeERDT3VCaFg2cDVB0gGWAUFVX3lxTFBVSFZCMnRlUlA0ZlN4cjBDOVl2TmZGb2tHSjIyQU9aeHMyWXlMaHIyOWdGbV95d05IVVJFdjlXZ0lNd09NcDVhREIwUmpEdzBlZVdEVURVNEdsd0h1YjFLclhUZ2JCR2JZczQ5MUE2YTdyUGlNV095SEtiUXVwOVl6a28tdlJVazAyUW1GeUk5TDRNWW9uQQ?oc=5,0.0,0.0,0.0
2024.08.11,"카이스트-삼성, AI 시대 'PIM 반도체' 상용화 9부능선 넘었다",지디넷코리아,https://news.google.com/rss/articles/CBMiVkFVX3lxTFBkamVwVlJnek1nUHJTTVFyeWJUYVhFRUE1ZW16TWdjWlpCaUFURDRoQzB1Ni1iVk1ZNWtRMFd0NWtTQkdoZ0hhOUlrRm1USEVKc25yejR3?oc=5,0.5,0.0,0.0
2024.08.11,"액침냉각 관련주, AI 데이터 열방출 확대에 시장도 같이 커진다! : 네이버 블로그",Naver Blog,https://news.google.com/rss/articles/CBMiZ0FVX3lxTFBBWGFjY09uZTA0ZFBJX190M0pLOGhVU2YwX05MYWhQWXNhQVpFVTg0ZGtiTklMcmtCUE9jNFlaWnQ4SE1SMk9fVXZRQXdNOV9UYWN6N3ZrWTV4TGZEVEN4VDFwV1VlUVU?oc=5,0.5,0.0,0.0
2024.08.11,"“더 빠르고 저렴하게” 차세대 메모리 중요한 이유 [HBM, 그 후①]",이투데이,https://news.google.com/rss/articles/CBMiVEFVX3lxTFAyTjdVLUxUdXJBdkhQZDkyT2tJMVV4WXlBbWI4WlNtd3Z5d0ZMLVQyNmpqTDZGUTA3OV84REJqMmZTQUdzckdSS1BhODExU1VkdkFRMA?oc=5,0.5,0.0,0.0
2024.08.12,"삼성, 평택 4공장 '6세대 D램' 투자 확정...메모리 전략기지로 내년 6월 가동",전자신문,https://news.google.com/rss/articles/CBMiTkFVX3lxTFAzUEdqSGp4NG83ajhDclhSZW00Z1VZZ0tLMkJ6SmtNbjN6NUxPN0NvZ2VJbnhIRnFTcUFaWmxnbDVaalRadG9kZDYtYi1Mdw?oc=5,0.5,0.0,0.0
2024.08.12,"1분기 반도체 매출, 삼성전자 1위…SK하이닉스는 2배 이상 급증",매거진한경,https://news.google.com/rss/articles/CBMibEFVX3lxTE1vVUNWaFAzUWJYdUtRZFNCVnNDLTFEWFJia25TZ29kQ0h0QzhndGRWV2xrUElxTkxES25zU2ltbkRFellvdmhiMWQtZl9JUnp6MHk5czJyZFNYUnVJZDRxV05PYkFPTzhMRG8tdA?oc=5,0.0,0.0,0.0
2024.08.12,"삼성전자, CMP 공정에도 '플라즈마' 적용 추진",지디넷코리아,https://news.google.com/rss/articles/CBMiVkFVX3lxTFBHRVhsY0Njb3dYbnIzdTdna2JPUWNkZVdDS2dvMXhDZTFkY2VTQ0NRYXBqWlAzT0cyWUdwLWlJUFhCcWVzS3ZvZFdVaExDUTl1cGcwODBB?oc=5,0.5,0.0,0.0
2024.08.12,"삼성전자, 1분기 반도체 매출 선두…'증가율 1위'는 SK하이닉스",연합뉴스,https://news.google.com/rss/articles/CBMiW0FVX3lxTE9mM3ZFOWdYUHgta1liSEFMdGhyRnl0M01sR2hDeFRoZUFmcGhnclRmMjI1YVRrWnl2Z1NjeGdYU2xiOC1EQzlPbEc5aHkxV0N3R1RKcDdPemxXcVnSAWBBVV95cUxPZmZ4RXdtT0lBbElOU3hWZFdtN2RsY3V4QnhNdjE3bTVFNHNBd0tXU0lfM2ZlSkNCTUlkMjlLOE4zY21IUnRLb1J4LWVkXzROMzg4UXBGWUdaNUNUbGh1NU0?oc=5,0.0,0.0,0.0
2024.08.12,"삼성전자, 종합반도체기업 매출 1위…SK하이닉스, 가장 높은 성장률 보여",뉴스웍스,https://news.google.com/rss/articles/CBMib0FVX3lxTE5UdUItWFo1TVNfRUxwRWNSY1hRekZOS1VwZmFHajE5YmdaNlQ5TGQxc2c0d0dleVAzUHZxWHprbkxMcHVXeVhCY09fcERPc3AzbEhYZlRBUmhpRmNVZHV6S3NSLVNpZHJsVXJPc2s3SdIBc0FVX3lxTFBVdmdKdmREWFpkanh5ZWxJZmVzV1MwbEs4eTZZeU9Sb21wV1JwdktRWmFCLXhPOTdlejR6NEdTbmhta3M2dnNKdk5yYmUxalhQSF9LaEFLVHlOcGhVcjM3cTdsZlBhNFhLcWpWWDRsMThZYVE?oc=5,0.0,0.0,0.0
2024.08.12,"전 세계 반도체 매출, 1위 삼성전자… SK하이닉스는 폭발적 성장률",이코노믹데일리,https://news.google.com/rss/articles/CBMiYEFVX3lxTFBXT2hZeUU0bm1ZT1p0dW43dXZPTk1nMjhOUGVTV1E1U3hKVFdwR01PeDh3SWtpWm9GSjRlLU52VTZjZUhPMWx1UF9WMWR2MncwRzZYNVNQT01MeENyd0F1WNIBXEFVX3lxTE5RRkFYR08xQXk3amhKVlZvaERCUkFfMEpkaS1US296OHNEZ1g4YjRoWFZmWDVIMDR3SS1LUW1La25QeERHWEkyMGRYUlNZY3FEU01wMmU0U3NXUGtk?oc=5,0.0,0.0,0.0
2024.08.12,"서울반도체 ""마이크로 LED, 2개국 고객에 양산 공급""",디일렉,https://news.google.com/rss/articles/CBMiZkFVX3lxTFA4aU95dmY3UmJDdV9HVUZRYTB5NzRpb1NlbkRGeWlZX0FKZG1OWFNIWmhnckg1a29ma19HbFRMODFycDMtd1JaM0ZmR25GTUQxc0xjUDdZRUNYTUZ1NUR1cmpyTXNOUQ?oc=5,0.75,0.0,0.0
2024.08.12,"'삼성전자 협력업체' 시그네틱스, '1억 달러 투자' 베트남 반도체 패키징 공장 설립",더구루,https://news.google.com/rss/articles/CBMiYkFVX3lxTFAzdUZqdXQ1cnBtZkRtTC0wUjZqWG03eU9yNXNYaU5uTFMwTFQwX0Fsb2tZSDhUcS11S1FwT0o3WGc0bzVBZ05SZEpPUEpjZ0tEeXkwMy1CbW5UcDVjX0NPbjNB?oc=5,0.5,0.0,0.0
2024.08.12,삼성전자도 빨라진다…용인 반도체 산단 첫삽 언제,cwn.kr,https://news.google.com/rss/articles/CBMiUEFVX3lxTE9XRzZBTThfRlZxYW94M1hST2drbUxNZElldTZidmxYMzJENGYzeGNhWjVXdmQtOW9TYXZibVhwaU5kcDZWb2xUUDRCU3duNXJF0gFOQVVfeXFMTkh0ZEN0MWVRYlBIYmIyYjV1bWNaTEpIRVNRUXFqR18zMk1KNTFIWllRMy1WVzl1S29zTHE4aHhjY0ZQMkNRNzFVd2Jqa3RR?oc=5,0.0,0.0,0.0
2024.08.12,"반도체 매출, 선두는 '삼성전자'…SK하이닉스는 '증가율 1위'",한국경제,https://news.google.com/rss/articles/CBMiWkFVX3lxTE45NUd3UXpBQVlzRGNOcW5md3k5Y04tSi1fdW53bXVIUU5uSkVBNU1fTVQycjVsZDN3TC01N2NlTkhzMFdYS01SVXdaTFdUMVo4ckdsUHNrMVdhUdIBVEFVX3lxTE4weU9XMnZBS09sYVBzZlA3Ukx3RjBjRnBtSjNldTFid091VWhkODMxNW44aUNhVV9rLWFCR2VQN3JKU1dPdm9VcWpENEdwRFNuTjlPbw?oc=5,0.0,0.0,0.0
2024.08.12,"삼성전자, 1분기 종합반도체기업 매출 1위…성장률 1위는 SK하이닉스",전자신문,https://news.google.com/rss/articles/CBMiTkFVX3lxTE51Ry0tVHZLY2lhcmdIUWpoOHVtdzNibG9zZmJWU1U1endtSGFLLWJOYVRfLS0wbEZhOGotWG1CS00xQU9YVGlrWDZnMlJfZw?oc=5,0.0,0.0,0.0
2024.08.12,"삼성전자, '중고 보상 프로그램'으로 갤Z6 10만명 구매",지디넷코리아,https://news.google.com/rss/articles/CBMiVkFVX3lxTFBRZ3RETEJCbnh6MmVVYVU4Ri1fZmFrVUFUQ1cyMkZyaFU2Z3dZb0ZxcDRHWDEzRlJiVWlaa0ZWQURkcS1SOUxuUHN2SHZEb1Uxb3RXWDRB?oc=5,0.0,0.0,0.0
2024.08.12,"삼성바이오로직스 vs 삼성전자, 둘 중 어떤 종목을 사야하나? : 네이버 블로그",Naver Blog,https://news.google.com/rss/articles/CBMiZ0FVX3lxTE9iX3RiUGk1Ui1naUIxUWlqUlJzM1BBZ3NTUlJJS2F6dkt4aUNhMmlZc1RMd182d0ZrX1duU2ZOOW1uYUstVjRMRDFMVnUxSnlvY29vU0FZeGdRZW5Zdk8xaHZ3cTVHUXM?oc=5,0.0,0.0,0.0
2024.08.13,"삼성전자, 반도체 전 공정에 '플라즈마' 활용",ebn.co.kr,https://news.google.com/rss/articles/CBMiaEFVX3lxTFB0THpaM2pwbi1aamw3V0JhdURiMFRTTWNZRHA3RzllRDNZT1ZmQkpidnFwU1dpUTg5QVFpTVl5YklxT1VNUlJOZlJKQ1I1d1l3S0RNRHM4OWxpTEhrakl1MllkUnJPM3Fs?oc=5,0.5,0.0,0.0
2024.08.13,"엘오티베큠, 삼성, 반도체 전 공정에 '플라즈마' 활용...시스템 공급 이력 부각",한국경제,https://news.google.com/rss/articles/CBMiWkFVX3lxTE0xZllhMnl6RWJyanZHVmN6SlVxSlhWQ0RabFVoSzZqR0JtdU5rNjUtNGxFQ011NHExQkFDOF84c2JKR3JiUlRPbEhhczluNkFLLVMtU1p4WURsUdIBVEFVX3lxTFAzek50Tk84eElSalFkOVNWY0dKa1lsNzl2aDg2WVBZM0R3NURJblh2bG1xR0dOSE5KUWRnRDdJWFdJVTZhQlFJcDRfRjQtS2NHem5YRQ?oc=5,0.5,0.0,0.0
2024.08.13,"전영현 부회장, 반도체 성장 발판 '합격점'···노사 관계 회복 '낙제점'",서울파이낸스,https://news.google.com/rss/articles/CBMiakFVX3lxTFAtN0piVlhlTUg0Z1MxcWo4YjEwOVdiMHB2Qk44SlMxWFZCUDltQ0ZhM1hQZ0RTTFp6OHlaT1V2VTRtWHREZ1RYRkFtOFVOYU1wcWxJVVZfY2ZYUHZRM2huQU85MWRueEZjS0E?oc=5,0.0,0.0,1.0
2024.08.13,'뼈를 깎는' 인텔이 파업나선 삼성전자에게...,mt.co.kr,https://news.google.com/rss/articles/CBMibEFVX3lxTE9QTTFKN2NMUV9yOTVSdTBjSldVWmpnMnZybkRvdUVoY2NmaGloTlFWSEpaM1pYMnplamR0al9ZZktaTzlYb3M4VUpfZS1vcVJ2c2pkZHZRZFZhVW1jRXFpZmc3N3VzV3I0RUdvMA?oc=5,0.0,0.0,-0.5
2024.08.13,메모리반도체 강국서 장비 톱10 기업 세메스가 유일[진정한 반도체 강국 조건 (중)],네이트,https://news.google.com/rss/articles/CBMiU0FVX3lxTE5IZ2dFUUJxbkRTamZ6b3M4X3B1RFRadFpkTUV0YzFEMEZ1dWZWVzBFXzJmVlFyWTZNVllUOTg1Ukt3eU9nS2RYLWZoMGFuYVY0Nmdv?oc=5,0.0,0.0,0.0
2024.08.13,엇갈린 주가 전망…삼성전자를 어찌할꼬,매일경제,https://news.google.com/rss/articles/CBMiVEFVX3lxTE1iSUw1bHh3aWtXMDNSMENIdjJzLUhnMFZ2cm4tUDl6YVV2Q3dXYjRPbkRONW13X1NoRV9uM1V0N1ZFNllnWDdIU0ZsMjdQVlhLWHdfSg?oc=5,0.0,0.5,0.0
2024.08.13,"삼성, 연말 High-NA EUV 1호기 반입···생태계 구축에도 속도 [강해령의 하이엔드 테크]",네이트,https://news.google.com/rss/articles/CBMiU0FVX3lxTFBWM2FNbnF5TFI3TFI5TlNaVWxZcXdIclNFZnNvYU8zRENEdmlMRnFMX0I0VWVBc0YwaVJYOVkxOGlDcFJjMldwN2V5OUhBRnF6MVlN?oc=5,0.0,0.0,0.0
2024.08.13,"오픈엣지, 반도체 '칩렛' 시장 공략…표준 IP 개발",전자신문,https://news.google.com/rss/articles/CBMiTkFVX3lxTFBUdlhnTjQ2MlJjX0xRZ1lmTkZpVkptamZ4SjA4ZDNTaV96QmxKemJMRHYzVVNJcGppTTc2eUNGTmVFbEVHRkFtTEppck5Wdw?oc=5,0.0,0.0,0.0
2024.08.13,"삼성 덕에 먹고살던 작은 회사, 대만 '반도체 거인' 급부상",중앙일보,https://news.google.com/rss/articles/CBMiVkFVX3lxTE9idzc4UW9NSFdhTnBSMGRJM2V4N0p5SEV0eGRwQ2xBUjV5Ymt0NnkwSU1lSnhrZUhBakU5WmpfczhsTk56TnBYVHp6VmZ6LUd1OVVXNDFn?oc=5,0.0,0.0,0.0
2024.08.13,'D램' 슈퍼 호황… 삼성 '평택' SK '이천' 증설 박차,뉴데일리 경제,https://news.google.com/rss/articles/CBMie0FVX3lxTE5MUEtXdS00QW5XUWoyUzZIN0FWT0l3SkhOR3RoNmFqR3g4ZUFiczdMVlE4eUgtY2dIM2FVOU9YMzZOQl9sS1FUY0xjazV6TkdFemRTR2xIODVPTXZoY0ZCTVUySFE3R1ZLdmlWWF9oM2szUGx0VGJkQ21qcw?oc=5,0.5,0.0,0.0
2024.08.14,삼성전자가 AI 반도체 페이스메이커?…HBM 공급 지연이 빚어낸 역설,인베스트조선,https://news.google.com/rss/articles/CBMigwFBVV95cUxQa0c4LTJxcjJXRWNiRzRrOFNUQjRjdmxZRG9CUXoxQzNZbUhfTzltamRKeS0waHdvbHRGY2pvRi1zQ0EtYUhRd1lXZFc1SVBaRloxYlBYSFZqWmxBb2lCQlIxSjFJMFlOZmxoMGpvRUFtbUVjYTd2UWdLV2FhamhxQWlMcw?oc=5,0.5,0.0,0.0
2024.08.14,"삼성전자, 올 1분기 주요 종합반도체기업 중 '매출 1위'",v.daum.net,https://news.google.com/rss/articles/CBMiS0FVX3lxTE4yMmthOGlOMWlmaVVfLTlXUjBzakFYdVB2aWRrOUhKR2xMa3FxTFNhR3BaWWRrU05wT093WFRlZEhicG12S2lOOWpGcw?oc=5,0.0,0.0,0.0
2024.08.14,"하이닉스보다 매출 2배 많은데 이익은 비슷…삼성전자, 왜",중앙일보,https://news.google.com/rss/articles/CBMiVkFVX3lxTE1jWmtNdmtuWjZadWFPcGNlT0hzZk9mSDhNRjEtZllUN2ZJVjY2SlFGN01kUExvSG9IVXZhRld0Tk0tOEVzdUlnemJlemJmcjhWVUx4SVpR?oc=5,0.0,0.0,0.0
2024.08.14,"삼성전자, 美 GCT세미컨덕터와 4G·5G 칩셋·모듈 개발 공급 협력",더구루,https://news.google.com/rss/articles/CBMiXEFVX3lxTE9KQnBnSzZHX2ZWMWI4YmE1T0JFYUI1c004eGFPdGoyQnRIY2cwLXBGbWZ0Yjl4QWNHSjhNMXpMc0ptVWxlM01zZTYwUlgwc1RsVHFNQ0ZkQmJpLUpN?oc=5,0.0,0.0,0.0
2024.08.14,"[영상] '삼성전자 협력' 시그네틱스, 베트남 반도체 공장 설립 위해 '1억 달러 투자'",더구루,https://news.google.com/rss/articles/CBMiXEFVX3lxTE13ZFA2ZTBTNW5ETXBSRFlQdG9XSWQ5T1h6dXNfZjJ5SzdGckFRTEF4NnVzNmdmVnRmOTZPMVdzVXRRdFVtNXlFcmJnRjBaUzhKSjN5WVdTczd1MHky?oc=5,0.0,0.0,0.0
2024.08.14,"[반도체 강국 도약 上] 美 반도체법 2년 투자 싹쓸이…""韓, 지원 확대돼야""",오피니언뉴스,https://news.google.com/rss/articles/CBMickFVX3lxTE9VZDlDUmRKbW43SjE2c0xueTYyeEt4LWxDV3JUUTFDZ05FWkZCRVBiSjJpcEZnV1lDcHVqSWdPQ2dSQmFENUVzYmZ3WHlqVTZhQnU2VDE2S01uQVo5azJLUm5oY0dBXy11eWdSdGxzQllQUQ?oc=5,0.0,0.0,0.0
2024.08.14,"삼성 中 반도체 수장, 산시성장 단독 면담…'시진핑 관심사' 新서부대개발 협력 논의",더구루,https://news.google.com/rss/articles/CBMiYkFVX3lxTE9jRXZfeDhCMmtfdG95S2RiQ3lNNS1kUnJqUDhybGRnX3lDY0pCeHpZenF2djB6ZllkWDFwN2R6M1VDLVQ4eGlCVTd6NWw2dHlHTkxJZ0ROcGt3Y1pYRHQ1VkpR?oc=5,0.0,0.0,0.0
2024.08.15,"TSMC도 '휘청휘청'…반도체 덮친 인력난, 삼성·하이닉스 해법은",mt.co.kr,https://news.google.com/rss/articles/CBMibEFVX3lxTE55YklCcEdGb2ZtcWdPM2xzWDIxSkN4di1uU0Z0Y3JVam56RlRXelZ1SXROZ0JxbklNemVpanJHQVRzY2c1eG41dUdiTjVxbzlJSHRRbXI5Vng3eHM4NGQzZFhUUlB5azVDeG1aWg?oc=5,0.0,0.0,0.0
2024.08.15,"삼성전자·SK하이닉스, 돈 도는 속도 빨라졌다…재고회전율도 개선",뷰어스,https://news.google.com/rss/articles/CBMiXkFVX3lxTE5vWnREekxkNENQTkwxQnJwZ2dxay1YelpFVFlUN3l0cGNRYVEzeEJQUnY1dnpISFhiZU1hZ2tLVlVhS0R2SVN4b2N6c0JYMlZGekdvVDZPVWZUcHVsTlE?oc=5,0.0,0.0,0.0
2024.08.15,'전기차 포비아'에 '똑똑한 배터리' 주목…삼성 'BMIC' 수주 본격화하나,뉴스1,https://news.google.com/rss/articles/CBMiXkFVX3lxTE1HNUNZZl9HbmxpdmZ0aEZqNmJQVWdOZ3lBdF8xajJtX0hnRm9la0JickJBUzVDWkZFdXByanRSaTdDNWNHNFJTSTJEMUNoSEZaUS1UX3NfYTRpY1NsSFE?oc=5,0.0,0.5,0.0
2024.08.15,'AI 반도체 열풍'이 이끈 2분기…삼성전자·SK하이닉스 영업익 18조↑,매거진한경,https://news.google.com/rss/articles/CBMibEFVX3lxTE03LUZRQkQxTFBuaWRvMzBmZlFuUzlPZ0FFdUFUVWFuMnN0QU5hREVEQnp0eXRhb0djbU5fSnU4QVBoY3p0OXRCb1dPbzdFVGtIcnlLejdSOGFpVkt3TU1fOTM0UThTZEFHblR3WQ?oc=5,0.5,0.0,0.0
2024.08.16,중국 반도체 사재기에 D램 불티…삼성·SK하이닉스 웃는다,mt.co.kr,https://news.google.com/rss/articles/CBMibEFVX3lxTE52TlRWVWpjU09oZU9ZRDRiZjREV1QyMmE1Z3B2N1Q4QksyTnVHVU03TGl3S3FJRThBdjQ4a2o3TWlNbTNoSGVJTXJpMDlubHNjcGtfcUFrV0JYMHM1RVlYZmQ5YWJ3U3JkaEpBMA?oc=5,1.0,0.0,0.0
2024.08.16,"[Y인사이트] 사피엔반도체, 내년 매출 200억 원 목표, BEP 넘긴다",디일렉,https://news.google.com/rss/articles/CBMiZkFVX3lxTE95VTJ0YXY0a0pCdWtnRk1jdV9sN0Q2OEZJamtUTE9Ua3Z5YmtXWUJ3dFpvcUJabXJLTFNWZ1EycHBzTXVfUi1ndmFpa256R3NGcHBZZVpxa21NNnJzWXdmT2Z2N0tDUQ?oc=5,0.0,0.0,0.0
2024.08.16,"삼성전자, 내년 낸드 투자 줄이고 D램 집중",시사저널e,https://news.google.com/rss/articles/CBMickFVX3lxTE9sdTF3LWl3cUhURU1iRlEtbUdfSmloSU5CQmpBUEI4Ukc3TG5PU1h5ck0wN1VDNkFKa0I1aXNKLWZEZndLNGV4cUhhbU9mb3E0ek83Yjc4RXhoMkV3VHVVMmNNXzU5YjQtcTNVU1gxNld3d9IBdkFVX3lxTE4xVEduME9zaWFBNnNzRUljd1VDMHJyTXhRWjJ5emtScEU1WnFqWnE4b2FJVUlRYTZzV2ZqVGRRUlNIUVBXYXpMU1ctV2V1alFQaW55Y0FhVy1nb2IwVGxJQ1pPRVlEN2Z5U0NSd1FkOWE2ek81eVE?oc=5,0.5,0.0,0.0
2024.08.16,완전 자율주행과 함께 떠오르는 ‘차량용 반도체’… HBM 탑재 시대 열렸다,녹색경제신문,https://news.google.com/rss/articles/CBMiaEFVX3lxTE5KVjFDUUZQbTlGTmFyb0dEeWVCRkVmcWRTX2ktY3ZUbDB6OTZsRk9NQllxam1WbndDMFhnNlZUQmpaSk9Cd2J3b1dfQjBLTFRBeG5Db3lSYnNhVXhBd2pMN29jbFBrcmox?oc=5,0.5,0.0,0.0
2024.08.16,"[동아일보] 박재근 교수, ‘3-5족 화합물 반도체 혁신 기술’에 관해 코멘트",뉴스H,https://news.google.com/rss/articles/CBMia0FVX3lxTE9LZzdldjFUWHFiSnQzM243VEl4Vk94b0IzdmhVYm5lV2JOLUNuUHRIbEVjTEtmalRTazB3UlRvejZBSXVJZlFncVVpZXpZUEdtYk0xMk1TY0ZtX2NwQTV4ekY3VVJ1Zi1vMlBR?oc=5,0.0,0.0,0.0
2024.08.16,"삼성전자 방사선 피폭 직원 ""손가락 상태 심각…7개 절단 위기""",OhmyNews,https://news.google.com/rss/articles/CBMid0FVX3lxTFB5NzI4TjNVenlSNHYzVEF5cVo1c054Ylo2a0NuLU05aXhIRDR1S0tPS3BUcGJFeGtlaTZtbFZEc1lDcDJNUEFabmtRLTNhTkxzalM5clBQbmdLR1JrbkhWUUpXMzFIM2Y1aVFreFpqODBYZEFFQ2Ew?oc=5,0.0,0.0,0.0
2024.08.16,삼성전자 방사능 피폭 노동자 손가락 7개 절단 위기,한겨레,https://news.google.com/rss/articles/CBMiZEFVX3lxTE4xWFVqWUNhUlJYRklCcm1JdjNaVHk0NkJYX01aVzBjZU13RjgyVXp1Y1NRTXNYcEd5QU43OVpZNzFWbENOUjBqWVo4SGcwRVNEc2pJTmQtRTVlUEVzNzVzcTNCcGI?oc=5,0.0,0.0,0.0
2024.08.16,"삼성전자, 상반기 반도체 시설투자 감소...수익성 전략 지속",블로터,https://news.google.com/rss/articles/CBMiaEFVX3lxTE9BX0FHTHk2SXJKRk96NHEwVzBhRG80ZzYweGhZNDZONm1aNkx4RlNyQ29KbzlMb2VvVXR1Mnp1T3JHSTJFZnJTbzJDaFFTWWFwTWZUcjhuUWtVdjlmek9sSW81QW9VTnBf0gFsQVVfeXFMTkZ6WTQzUW5OenNfakx5OXJ2T0tOUzdHeXFrWEo3aHlKTTZXWENqVl9vOTRtOVhBOTBNRk1JOVhrSEgwNmtjRnk2eVZHU3Q0Tko0a1pnVXRhdzRRSUZ5QUJJTDFZTEhqNTU0RWh1?oc=5,0.0,0.0,0.0
2024.08.16,"삼성전자, 올해 말 HBM4 테이프아웃…코어 다이 1b 건너 뛰고 1c 사용",디일렉,https://news.google.com/rss/articles/CBMiZkFVX3lxTE1kdkNwX1RVZ3c1aWZaRlA4aTZMN3VpbFhXRGlpaGVhNkVXUnZjOUVwdVk5aDkteWI4VXNKOHgzTkN1dUU3amZHT0NhenpaY0RMYndaelIzMnBtT3I5QWRYRDZpM3RXZw?oc=5,0.5,0.0,0.0
2024.08.16,[반도체 강국 도약下] 메모리 반도체 강하지만…시스템·팹리스·파운드리 키워야,오피니언뉴스,https://news.google.com/rss/articles/CBMickFVX3lxTFBBbWJHNFRrUF8xalFlMFpETzZaUTdZRjUzc1ZLbkJXQ0JISjdaSGE1d3JvRG5uUC00YlBCQU4yRTNGWTFVLTh6cnJSelV0dXJRRU1qelkwWW5TeWZ6UXNtVnZYNXlOZFBibmpDYmdFNlBvZw?oc=5,0.5,0.0,0.0
2024.08.17,[대입정보] 2025학년도 주요대 대기업 취업연계 계약학과 입시 분석...삼성전자 취업 520명 69.3%,Queen 이코노미퀸,https://news.google.com/rss/articles/CBMiakFVX3lxTE5QVEd1SWp0eXNucGFGMkFVV2JfeWZkMnp4bFIwaDgyUWI1ZFdLbVQtc3BXSlp6UHdnV2xVc0hpUHJQX0Ffdm9scHFjU2xjYk9VV3hNWHA3MWFLaV94V3dEY1d5OGVTeVlKd1E?oc=5,0.0,0.0,0.0
2024.08.17,"평택시, 삼성 고덕캠퍼스 협력산단에 하수처리수 우선공급 추진",전자신문,https://news.google.com/rss/articles/CBMiTkFVX3lxTFAtQW43NWR5NEs3SzlSV3lmd3NBaGdfQy14TzdDZU5aZ3AyT1VXcU5IRTgzU25LS2FCLVY2LW1vczQ5X2R3ZWU4NjRwWjJLZw?oc=5,0.0,0.0,0.0
2024.08.17,"평택시, 삼성전자 고덕캠퍼스 협력산단에 하수처리수 공급 추진",연합뉴스,https://news.google.com/rss/articles/CBMiW0FVX3lxTE9ha2JnRkJkNG5BT0YyamRhNlVkV2RCdmZ2RnpzWUxTc0M2aHk0eDJXQ2RKWjdjRUd3OG84eWN1NVFGaEd2M0J5WlN0ejc4RkFHa2VzQllkNm5ZdEXSAWBBVV95cUxONmJlZTU0RUY5VFE5OTNEWDl3NVdZZXVmQUtHQnd1a0c5Vm9oSGRYQXFQZmtQbjNQN0QzcEpHbFNFS0F6VGdwVDlrcWNhT21ZSEM3MUR6WUt1R01NTGtFSmQ?oc=5,0.0,0.0,0.0
2024.08.17,"삼성전자, 반도체 全 공정에 ‘플라즈마’ 적용 임박",시사저널e,https://news.google.com/rss/articles/CBMickFVX3lxTE4zS0MtRE4wbm1JTVpZVVpqWExfSW5QWEpvelZSNHc2QkR0Z25HaTRHVWdLWmx5OVJFWlpXMmlibldZXzZUVW41aDhOVG9YUFQxZWNsUzRWdVdKWEpGOE9XaGpHT1VkWTZoazBsZ1JXbGpzZ9IBdkFVX3lxTE9sV2FGelVyMm4yZXZ3Nzd4ajNLVmZKS19ZalotUzdrQzdmMmZJNmttZzFQVzRTNjRFZUo4aWNoeUdNQWlFblhGLUYtWXBPZ3htZ25hamdDQ0F2RWhwcnpkbzdGWXVkaXlhRGVwbGxiellXd2l3Q3c?oc=5,0.5,0.0,0.0
2024.08.17,"""삼성 잡아라"" 10조 베팅한 SK…삼성도 반격 나섰다 [황정수의 반도체 이슈 짚어보기]",한국경제,https://news.google.com/rss/articles/CBMiWkFVX3lxTE42ZzJlWjViRnZXVWdYQ2IxSHFDRkM2cElGaFExeWRFQVQtQ2tzVjVHalJQdzk0Vy1TYlc5RlZoQjY5R3Z4bTJSMG9GUjd0Y2hMOGh6TWZpRXNHUdIBVEFVX3lxTFAzaWpjSjFhU01BM2NuOHhKOTFDcDJ0bFY4REgyRUx3bXlFZ1FUS0gzQk9sR0pvY05CM0tKZkVHckh3X1FPSFcwZ1FUOFVBMFU2dU9tZw?oc=5,0.0,0.0,0.0
2024.08.17,"삼성전자 방사선 피폭 노동자 사진 공개‥""손가락 절단 우려""",MBC 뉴스,https://news.google.com/rss/articles/CBMieEFVX3lxTE5wQ3lhdHBoR3N2VTlEbjhScS15YWcxamRWLVptSlIxNzN6cjg2Ulcxc1Q5TXNpWVl3d0RZLVNBVEhGOF9xZ0JicEpDUk03RTk2VkNna25Ib0g0Z1gwakRucURXNEtVbjgxU1hkRGhNWllhQVNpYjVydNIBeEFVX3lxTFB1dXcxNURMUmkzMDFxaEVzSkZSdlV3SWctTmk5S2xHeWZzYkZNRWJZaG1YQmlUWnJuR19PV0xPWHRfNlJvSHl2VkRSMFBxUUtxN1ZnVUs2eGJDdGZxU0lnNS1IZFBXWWFWd3VDNkRTSGd1S1lKem9DZg?oc=5,0.0,0.0,0.0
2024.08.18,"""잘 쌓고, 조립하는 게 승부""..삼성전자·TSMC 패키징戰 '후끈'",파이낸셜뉴스,https://news.google.com/rss/articles/CBMiWkFVX3lxTE95YWNId1BDNmZlcVRmQ0dMUjZlUDNWNi1QR1k5clhmUWJpa0pOZnpBRk5CeDJFc0RoVlZ2eTlkeEExZEZBQkhrQU85dW5tcGJQUkM2dUoweURyd9IBXkFVX3lxTE5QSXJZMXlwRFc3bC1RQWIzbDBMa1M4S3h3cTJ2RGFqcHhtQmNvdWctNWFLdGdJYUNkTFNyeUdWd1hfbXlEOU1LcXNSSmdsZ0t2emVsTDFTckFqZDVqQ0E?oc=5,0.5,0.0,0.0
2024.08.18,메모리 시장 판 흔드는 HBM…반도체 초호황기 앞당긴다,뉴스1,https://news.google.com/rss/articles/CBMiXkFVX3lxTE94SUN2UktZdHU5am80RkFiejRGVkJXVXl2N2JxQ2tEVVBIZlM5cmZSM2gzcW83QXllb2doOHZGZnlxMTA5bG0xOW1YVm1MTmFfa0otSGxJUEdDZVZkeFE?oc=5,0.5,0.0,0.0
2024.08.18,"""고객 80%는 중국""…미국의 제재 속에 커진 파운드리 업체[차이나는 중국]",mt.co.kr,https://news.google.com/rss/articles/CBMiaEFVX3lxTE5obFFaRHI2cUhwSjV0NW1PSVlWOUp1MDhKazJvaVJQUEF3RnNqOFJFY240MHBtYy1yOXZaYjlNTVZHTmE3V0tJUThELXY4NGFsODhmWkZBeGdxbElkNWt0bDNkU1VPUlRv?oc=5,0.5,0.0,-0.5
2024.08.18,"사피온-리벨리온 기업가치 비율 1대 2.4로 합병 본계약, 사명은 리벨리온으로",비즈니스포스트,https://news.google.com/rss/articles/CBMic0FVX3lxTE1kVERtZVUteVdYRHJRU044TjRndzlVbHN2X2lvRVNVLWp6LWFCWGNHLXlvTW90bzVLT3pjM191a0Jid3IzMm5td0JsV2RJd0FBWURqZmZEQVRtS2ZxeWlEeno3MDR4UVpEQVlfZ0VxUmJoU0E?oc=5,0.0,0.0,0.0
2024.08.19,삼성 패키징 조직개편 첨단기술 인력 모았다,전자신문,https://news.google.com/rss/articles/CBMiTkFVX3lxTE9KbDdCckI1TWZqelVQUk1Eb1BUZ09YVXdFYkQ2dktTdm9kZkJjZWUxRm8zZzlzeUZjeFZvMTFpY0JVaDBqTXJvTC14dk9jdw?oc=5,0.5,0.0,0.0
2024.08.19,[박수연 칼럼] 삼성전자· SK하이닉스가 AI시대 반도체 개발을 서두르는 속사정,더밸류뉴스,https://news.google.com/rss/articles/CBMiVEFVX3lxTE5hN1hHaWV2V19vRURrQW1yLXNsQnl4UWRfcWxmUTctTGdzTFVuM25FbVk5Y2RLSmdKMlB6azNGQk1yZFlFejNwcTVPRE40WEpNYkJDdQ?oc=5,0.5,0.0,0.0
2024.08.19,"삼성·SK, 22兆 차량용 메모리 공략···저전력 D램 확대",시사저널e,https://news.google.com/rss/articles/CBMickFVX3lxTE1TdU53SHRKdzY5Y1lXT3ZpRDJsWGY5NUg1U0dYeWo5TVU4dkdtb3FmbjU5SjZYSkd3YVdJV2Z1ZnU3dmxUaEJBVE9TYUk4VmZwa09zbV9nREpGVEpGRzBRWmlKbVpPTnkwVTNpQmtnaGVqZ9IBdkFVX3lxTE5GdnJBaktpYzdVZVdmTk5pbmhta3p2TVJsc0dfNHJIS2QtTWpoc2dBVkJWSzBzZWRITEdSMC1PXy1jN0cyZ25JdEVMZ0tpMEljMHBsOHVWRldVcjNzUVR6Z1VzN2VGbnhNZXhxUWZkSmVwVlByWEE?oc=5,1.0,0.0,0.0
2024.08.19,"안전한 환경을 위한 소통, 삼성전자·평택 소통협의회 8월 정기 회의",samsung.com,https://news.google.com/rss/articles/CBMiwgFBVV95cUxNY25IN3V3UHZ1eVpxZHlWelk1Yngxa29Udlh6Y0JacnFLamp6dXFueHYxUzl1ZmJKc2NtRDBlRGwtQjlVeHZaZ1dzSS1JbFZlaVJGZlBhOXFTdUpYOG50WTJRZ0wtTXBNU3U2amJINnduTUNlc2NtZ1VlcHNzVkx3TFk2T3RKQWVZbzJLbjNsMFNkcDBlcFpfSkU0Vlc1c2NrRnRyTl9xeFItNzlaSjVaYWdnWjNnM21OUEtnaEZQR1lYUQ?oc=5,0.0,0.0,0.0
2024.08.19,"삼성전자 실탄 ‘100조’ 장전, 이재용 로봇·전장 무르익는 인수합병 시계",비즈니스포스트,https://news.google.com/rss/articles/CBMic0FVX3lxTE5nMDFhajNCb2hXV3dJZ0FVYlZ1VFh2MUNNZmJhUW1zcjFuNVgzRXExNFpfMTlxSmR6RDlocHNkYjU4YTZ0ZGtNZU9neGRTS05PWkJiWDZQTGhhVHhiQVRYRzZ3X3Z5ckNON3pxYWZXX3ZRY1k?oc=5,0.0,0.0,0.0
2024.08.19,"[인터뷰]‘반도체 전설’ 짐 켈러 ""HBM은 너무 비싸…비용효율 높은 AI솔루션이 관건""",아시아경제,https://news.google.com/rss/articles/CBMiYEFVX3lxTE1zZDFEYmJtd3ZTTmQzQlh5bDBVcFBBLTlWdWFZdGhuMnYwNllRRUZ0aDZaQW94NUVPalVJVHl5SE1xQm5JbnJMaWp0bnF4VlpQdXlLcVlMb3hNVldqRk1UVA?oc=5,0.5,0.0,0.0
2024.08.19,[단독]尹대통령·이재용 공들인 삼성-ASML 협업 반년 만에 대폭 축소,노컷뉴스,https://news.google.com/rss/articles/CBMiUkFVX3lxTE5kbm10UmV3emVWWTNFdEZKWW9nTW9EczJKMlgwbFpRcWNVeUJDdWZ1dEwzMDNMb0VQNDcwNHkyeExidkV5bnVOamJENWNmb1J5Q2c?oc=5,0.0,0.0,0.0
2024.08.19,[기획특집]몰락하는 ‘반도체 왕국’ 인텔…선택과 집중 어디부터 잘못 됐나,더퍼블릭,https://news.google.com/rss/articles/CBMia0FVX3lxTE8xWmlKTHRBcFJiSWtiMFJ1N25uUHQwSWkwVjhUYTZPX1JyLTZHZFotRFJBS0EwdnJhLXRaZW9wR0otZWxIUXpjSXU0bXlWSklaeHhsVnREZzRDVVpGVXZzUTJEcjRlT1lFREZj0gFvQVVfeXFMTW1nQW5FcjlXQm9ucFYxUHpOMGc3Y29LMTZaeTFXOXhRYUkxUzl5MkhSSjFhZlA3VnBGMWZreFZjcnVIUVB1MlFWSFJTekRGalVJbTR5NDZHdjlIQ0ZRMjlhM3Y4Q3JjcTg4SkxmS21N?oc=5,0.0,0.0,0.0
2024.08.19,[단독] 삼성전자가 PICK한 대학은?… 올해 6개로 1곳 추가,파이낸셜뉴스,https://news.google.com/rss/articles/CBMiWkFVX3lxTE9PcWwyYzFyeVhLaTVBRmZZazBVOFRBWDNGVDNsandtMXdMOUFYOVZ2ZjFiZDcyd28tVnVGN2ZmcG5wa096UzBMLTJnTG9VdFE5VHJOV1Ryem1rd9IBXkFVX3lxTE80aTVMTkJES1E0UmZkd2htTU4wdkNBcnpfMzhyOUtiaXpyU013azQxR1o5WXRLN2JzcEJOTDl4S0ZVbmtteHlaQmY2UjlhTXFXSzR1SVRjWHo1eGQ1cXc?oc=5,0.0,0.0,0.0
2024.08.20,"하버드 대학교, 삼성전자 상대로 반도체 특허 침해 소송 제기",특허뉴스,https://news.google.com/rss/articles/CBMiSEFVX3lxTE9keEZDMmV5cXRaM2dHUnJya0lHMlgtOEhPNE1rTlV4WTZGT1VVZ1BKa3FYS0dhQ241WFNscnJYQlRPajhrbDVWcg?oc=5,0.0,0.0,0.0
2024.08.20,방사선 피폭 삼성전자 반도체 공장 직원... 현재 상태 공개 “개인 과실 아니다”,데일리환경,https://news.google.com/rss/articles/CBMiXkFVX3lxTFBFLVk3d0F0WDROQ1h6dk1iVXJHVk16MEpUVXpsRzBmazZVajI0RkpMOWJ1bGdrQjFsU1BHSXA5V3JQcGQ3RjFQc0NiOGYwYUZ1dHNObXh4WDNDZzluOUE?oc=5,0.0,0.5,0.0
2024.08.20,"대구과학대 반도체전자과 졸업생 송승현, 삼성전자 평택캠퍼스서 반도체 엔지니어로 활약",프라임경제,https://news.google.com/rss/articles/CBMiY0FVX3lxTFBtTEVXVGkwaUdhSXAtT1Rqbmg5UnlOcmQtSUhnbXJFVC1iSzNGYnBBb1dFUm1LR0tKcFpZaDd3ZkxCN3E3QVNmanVidDZ0U1lTWXpMc2l4THRqSC13SGxxOGpETQ?oc=5,0.0,0.0,0.0
2024.08.20,"AMD AI서버 기업 49억 달러에 인수, 삼성전자 파운드리·HBM 수혜 가능성",비즈니스포스트,https://news.google.com/rss/articles/CBMic0FVX3lxTE1RM1Jlb29CaFhieXhfNWFJNGFsOGRRWU1lQktIYUlZTlZUUU5ld3VvN0tEOENMRmdkZ1lmeERXTnRleGN4YW1fM1NYdGpjVlN1ZTV6Vkl3c2Mxc1JVaDhOZEFkem1ZdXVOMk45Nk9mbEEyZDQ?oc=5,1.0,1.0,0.0
2024.08.20,"SK실트론, '2나노'용 공정 기술 개발…웨이퍼 업계도 '초미세' 대응",지디넷코리아,https://news.google.com/rss/articles/CBMiVkFVX3lxTFBMdjBvbEpZR1dHSldWaDJkTF9ITGRsLS1qUTlJVjJncjQ4dzJHNHpMUEh2ankwOFNKMzdZRlc5RXlHZWlvam9JYkxudWl6UWhpVUktS3lB?oc=5,0.5,0.0,0.0
2024.08.20,"삼성전자·SK하이닉스, HBM 설비투자 확대에 테스트 장비 기업 수혜 - 조선비즈",Chosunbiz,https://news.google.com/rss/articles/CBMiggFBVV95cUxPbFlZQnJ5clVWb19RbXRwZ0F5d05TQUg4Z1V1U2hNTjV5eVJqbVNBX3VSeTRXdUllSDUtNGFQM2s2WjRRaFlMSFZrdVViTHJBS19tanVuWUIySDRyYlJ6U1VhcnpxdjZobG81V0NtNTZ5b0lINDlNRHZ0dkZsQzFvZm9n0gGWAUFVX3lxTFBRUk8teTloc0dYSTJkeG1OMGF4SHpwMUFySXN0Y1ZNMHVUZzVRaHoxUjJkZ09jU05fRXJDWlBtSFpKQjI5am5JZzA1My1tb3MyRTJuZWp6REF4cDZqZEhHbU1Cb1VrYmhyUGFjRVJmNi12M3dHc0J1YVhHUXdXd0VPMEFfeWxXeHRHd2J5b081Z0dlWkpQdw?oc=5,2.0,2.0,0.0
2024.08.20,"[IB토마토] (IPO인사이트)제닉스, 초대형 반도체 투자 수혜로 상장 초읽기",IB토마토,https://news.google.com/rss/articles/CBMidEFVX3lxTE5kSTV6eDNuQWhsT2JtWVUwSERacGhBTC1oYjVhQVMwT3I3QlFiQ2ItalpNWmp3Tnl6UUM3eEhzbXh1Z2VnbEJlSlBYMGVzNXNveXptVFVDTkZEdlZxVDNCS2duQUlVaktiY3N5MzJFQTQtOEZ2?oc=5,0.0,1.0,0.0
2024.08.20,12개로 늘어난 소부장 ETF···‘HBM 3대장’ 집중 통했다,파이낸셜뉴스,https://news.google.com/rss/articles/CBMiWkFVX3lxTE1xbC1OeU1OTkRncm10aXpJUjdUVU92SUVINE1BYWl6aHVfQlkyVFkwUUZSTVNTYVB1U08yV3VodUZvQ19KVGRxSUJxYkJabk95Tmg2Zm80Q21rZ9IBXkFVX3lxTFByM0hiMU9EcERLeDVXVUJGSzc1aDdPc3NsY3lJVDI0RkQzRGVlNFRVeVBQal83SGNaTzVMRVc2MnlvWS1XU09TQUtMcjVDYUt2MzhBdlBENm1NVGNkOVE?oc=5,0.5,0.0,0.0
2024.08.20,"CXL 관련주, 업황 믿고 차세대 AI발 반도체 챙겨본다. : 네이버 블로그",Naver Blog,https://news.google.com/rss/articles/CBMiZ0FVX3lxTFBCN1VwbGRKeXBmQ1NxN25mYUNkSTIwQ3VzN3FCQ1NtWEkzV0Nrc3hQLWE5alJwUmNMaVNWMFNPaG9BZU44ckJhZE5qSjduRTMwQzJXTktUR3g4LVNmcEZ5bjcyUG9rdXc?oc=5,0.5,0.0,0.0
2024.08.21,AI 가속기 개발 속도 내는 국내 팹리스 기업들...“제2 엔디비아 꿈꾼다”,뉴스퀘스트,https://news.google.com/rss/articles/CBMib0FVX3lxTE9ZRS10dWkwM3RxeU9uSzFuRE1RTXVZWWMyMlk2Y1JKMnZGTFVHYU5oRWI0XzJrLTJ6SHp2dVJid1JkTHVXRXRlS3VaOW44YVdyNUNyZU1SQU03NldsNy1OYlZpQTlhNjNicFA1aUZ0RdIBc0FVX3lxTE5aT253MVJja0tBUWdHN3R0SWdxVy0zaUlmTkpiSm02ZGM1SDMySkJyc2gyMWw1YzlEZFZJaXZFUUttb0E2RG9NLXJ6aVdoZVp4MzV4SmJWVUFNVUdreFpGOXo4OUt0QkhvQW91NE1RejhydVk?oc=5,0.5,0.0,0.0
2024.08.21,"[단독]삼성, 베트남에 반도체 패키징 라인 세운다",mt.co.kr,https://news.google.com/rss/articles/CBMia0FVX3lxTE9EeThXTk9mcTJYeklDYnVSa0hZVUI5MTNXaGdqS1dxWTNzVDFtM2pZYlREUlVoMmdTYlo2M1BKYUpTSzFfazJFM280bVNaMUVDMWRHZ3VjVEh1Vm05V2dDSjR5ODBwZi10UkRZ?oc=5,0.75,0.0,0.0
2024.08.21,[KMEPS 패키징 포럼] “IDM·파운드리도 '첨단 패키징' 기술 경쟁…2.5D 대안 기술 확보 총력”,전자신문,https://news.google.com/rss/articles/CBMiTkFVX3lxTE9HbWk1bTFXRHhQREtjQXZKMmJCQkE0a1lpVmRNV0Y5RnRrSXZWSENQaTRNMG9pNWw0bDNmcTBwazRMRDcwRi0ya0VmZFV0UQ?oc=5,1.0,0.0,0.0
2024.08.21,"삼성전자, 베트남에 반도체 패키징 공장 짓는 이유는",mt.co.kr,https://news.google.com/rss/articles/CBMibEFVX3lxTFBqQURlejlxd3MyQlZSdVU5M3pIY1l2Mm9BaG96N2x6cWtDSUx3NVRvSnRxYnZjZE9Hd0lTeTlRNWtkaTJFMnBlQWNLZEJ6UnFFUVpqeTdrSUx1MzNxMVpacGxyUUNSRXNmQlN3cw?oc=5,0.5,0.0,0.0
2024.08.22,공급망 다각화 속도내는 TSMC…삼성전자의 대응 전략은,한스경제,https://news.google.com/rss/articles/CBMia0FVX3lxTE9HV1lOa0FTSHNibjVSMHVtMHNBTHFjVVFlV2Rmd3pWUFNGU2t1Ql9aY0dzMUJIdkt6SjFscE0xVllyU0Z3YjBUSndMUzhMZXhnRkpNM1hCSXNYcmN6S0JWZVRadXV1al9GTGhv0gFvQVVfeXFMT2doUXVTYTU0RXpTblRfNWdvcGlDZktOWWVidVFYUmkwdFlja2JRVDJyZF92NXcwWnZRQnFqUVN5dDR5dHBrYnlJZ2doYkgwTTFMZ255ZUhRSlltbWJURHdUbmJpUE1XY1FsOW1mSVVj?oc=5,0.0,0.0,0.0
2024.08.22,"삼성전자 ""BSPDN 적용 시 면적 17% 개선 가능""",디일렉,https://news.google.com/rss/articles/CBMiZkFVX3lxTE9mRUhoMlJfcjI2ZGJtZG9KbGhZcXhtRXQ3MnBqSEx0YVNYZ2o2M281WjhWcXVVVHNvNEJOZGRBSExELThJZGtDek93RDZFZXhmNnlLTXJsS19mc2l5UVRPMXEzdFpxZw?oc=5,0.0,0.0,0.0
2024.08.22,“세계 최초” “절대 위상” 표현 사라지고… 채찍질하는 삼성전자,조선일보,https://news.google.com/rss/articles/CBMigwFBVV95cUxPcHBvU0VDZXB3Rkp1RzJBUWRoSW11cjBtX19wdUZBUFF2QWh6Tko1Y1I4NndtY2xOZDFISGxxN2d3NmxmNGZuOEJnUV9aaVNjNmF0RjdGN2NQT3EydGtSTkV5Wk0wSWNhMWpMdFNaYWM2ZEt2bGJ3VUJGNDF1ZFdSbkJpd9IBlwFBVV95cUxNV0RONkdZS0ZRbzc2ei1PdWg4Y1FRWUR4bDRjd2Fub2J5SDRobVFma0EtU3BGTEl3bi03anpfd3JsaE9sZVVPbzdyQWwwQy0wZFVTRldRTEItdjFTdjNQeXlyVElGSEtWc0FfYzlzNXQ5TFNYSTlKczJCYVJTWkNtc3k5OGNNdVhBOURkangxSDRMbUIxbUtv?oc=5,0.0,0.0,0.0
2024.08.22,삼성전자 HBM 추격모델은 직사각형?,중소기업신문,https://news.google.com/rss/articles/CBMibkFVX3lxTE5tc3Jpb2NxY0lCYTlxcDhFS0pGWGhjNkhaN2RYZlhWTHZjendHRUROUU9rc09EVHJmY3VLM0xtRU5fc2JucS1UNnlzRjQ1RThjRzRVeDZacXVyVVVEX3ZfYS1TWHNBZ0hnX19FQTZn?oc=5,0.5,0.0,0.0
2024.08.22,"삼성, 베트남에 반도체 패키징 공장",mt.co.kr,https://news.google.com/rss/articles/CBMibEFVX3lxTFBqN2d5MkpfM1hWMkNkcW1nWEU5M1NWbzZWSEhyZ1g5V1lCUEdENmkyZm9EVkhtMnZNM0R6Q2NvQm9oUnZiM0FVQTk0RUxQZXlnOGZlYnppM1U5SHlQSXc5N3pkZGVJeFBWZjEyRA?oc=5,0.5,0.0,0.0
2024.08.22,"리벨리온, 차세대 AI칩 '리벨-쿼드' 양산 앞당긴다…""삼성 지원 덕분""",지디넷코리아,https://news.google.com/rss/articles/CBMiVkFVX3lxTE5UektQd2s1ZThQU3pDV3BqZzUwQjhSRUNhOU8wOU53TFhSTDlmekZvSjY2LVBZRlJPWE5MTm1YOVkyM0RBX0s5SDFQY2hvc3JScWdzMHZR?oc=5,0.75,0.0,0.0
2024.08.22,"삼성 ""파운드리 신기술로 반도체 크기 17% 줄인다""",네이트,https://news.google.com/rss/articles/CBMiU0FVX3lxTE5DV0tEUFAwUW9CTHZyZ1pJaHgtWUlPQWthUDlCcU9hamk0RllwYzhyQU1XM0VqaFpvNFFnWUNxamNKd2pqd2pUOUtkS2dRd3FmXzA0?oc=5,0.5,0.0,0.0
2024.08.22,"반도체, 또 하나의 승부처…‘GaN 전력반도체’",애플경제,https://news.google.com/rss/articles/CBMiZkFVX3lxTFBaV2x2T3ZGcWowaHhCdUpwSExkOFRpOVhYS3hpWnpQWVdJZ0NvNS1abEZSMzUwUXA5d1A0N2FMTVlDejF5UXZSQVlBcUc0c25Yb09yYXlyNWFGdGNZRUQ1bVoyS2dMUQ?oc=5,0.0,0.0,0.0
2024.08.22,WB·LG·나이키서 인재 끌어모은 삼성전자…'외국인 경력' 채용도 시작,mt.co.kr,https://news.google.com/rss/articles/CBMibEFVX3lxTE5JTWMzdXJmWWRLbmF2cUZMa0ROcDVndldFTklLMGJ2SGZwcjdaZUNlV243Z3VMSjU4cGtsOVJJOW1xejVFNUJkZS1PdHlLdWZMUkJPTmpyYy0zVmliVjlnQnpObGxZTF9iNERXaw?oc=5,0.0,0.5,0.0
2024.08.22,"""반도체 크기 확 줄인다""…삼성, 파운드리 승부수",한국경제,https://news.google.com/rss/articles/CBMiWkFVX3lxTE1lUVltVzVJRmRYcEJDZlJ0LXFESWxWTGl0TnBjVWZuaGQ5YmFYMkhTTFA0QzJSMUVnQ0c1VnEwVlgxejhPMFp2bFF1aS1sbm5CM3llLUJtU3N5QdIBVEFVX3lxTE9sdloxb3RleTBxR2hjalk1ejVXZ2FnYnpDUGk5dGpucmd6TE5pYWwzSUg5QUNHWTRScDl3dXBlYUpiLUh6QVc4UjhpU0p4b2RrcENPMg?oc=5,0.5,0.0,0.0
2024.08.23,"삼성·LG전자, 글로벌 매출 폭풍 성장",뉴데일리 경제,https://news.google.com/rss/articles/CBMie0FVX3lxTE5TcnNCYnJ6eW0tVVloNlpSZHFzRE9paWp2YU52QUpHOEdMdnJRQmRMQ2tuaWZMbnZGOS1TbXRYWkZEbVFNMmhWQWxsZE5fNko3TEVBdTZHcTFZdVVvLTdaSEJsMEs1MnZleDFIVlRINkhySDFsbWN4M2VoOA?oc=5,0.0,0.0,0.0
2024.08.23,"[삼성전기 SEMinar] 반도체 기판, AI 돌풍에 따른 수요 급증에 '휘파람'",뉴스투데이,https://news.google.com/rss/articles/CBMiWEFVX3lxTFA2dTFWWHpKMmtDaDRGOU1QVlNjVVE4Z2t3V1FmSjkyMnVHZEJxWEdSOXdOemUtZHVHUmVMMDBneWhjNlVXMzdpUzJZZU41NUJ6SHVxM2MyUmo?oc=5,0.5,0.0,0.0
2024.08.23,"“삼성전자ㆍ삼성SDI, 중대재해 에스코넥 방조 말고 거래 중단”",로리더,https://news.google.com/rss/articles/CBMibEFVX3lxTFBYU3N3aGx6ZUFoNVFXRHRiVDlGbzdQMHA3VFNTRWY3TG1lRUZLT2ppbUdGUndPaUd2MlpqczJVOGZmeHlGR0EzanZ6WEgxMld0X3pmYklTU2VDY3I2RDB1aDI4ZEVIVE02MFhCSdIBcEFVX3lxTE10T3d1dzl0WVc2MjVWeUViZ1E0dkM5UXdHNmU3WFhEUThITkZPZ0hTalFxUmRrNnRDdTdPNlRYNDBGQUZPZ2M3d2UwZVFGbHdPYmxOX2pGenViSkRmTHRWcEN3U1kyQlJELUYxZk1PLTk?oc=5,0.0,0.0,0.0
2024.08.23,"지멘스 EDA ""생성형 AI, 반도체 설계 기간 단축할 것""",디일렉,https://news.google.com/rss/articles/CBMiZkFVX3lxTFBDdjlYRktzQVItcFFoZHduT1RzNmd2T0czZ0VyN25hYzlxTUFZYnM0eV94N3gyYWtKZ1NubXdJQTBuX0dnbGtlRzJwSWctQnd4OUFqTndLVnBpZHI1TTFmNzBEN2x4UQ?oc=5,0.5,0.0,0.0
2024.08.23,"마이크론 대만서 공장 매입 추진, SK하이닉스 삼성전자 HBM 추격에 잰걸음",비즈니스포스트,https://news.google.com/rss/articles/CBMic0FVX3lxTE9odnMwYlQtVi10aUdEOThqNC15THdQTnpnWTBybjNleW8zZjB2MjFNZkRwZzM5R216RXg1ZDZkbF8ySVAxWXFTb21Kd1pCUWwxNWZPc0FuV3ZmSW9NVXlKQjFMbG1oOW9KUWtpY1NTUmZTRzQ?oc=5,0.5,0.0,0.0
2024.08.23,"실탄이 모자란다, 반도체 ‘쩐의 전쟁’",조선일보,https://news.google.com/rss/articles/CBMigwFBVV95cUxPWTY4Wkprd241cEpuN0dCU2FyVnBfb2hLQXZ1WFkzbFU1Q0JHaGVoWERCM09PS0hKcGNFVjgxaUM3VWlhNm9sMk00V0g2eVJGWW41Y0NxSkJiNVVhR0FxeXI3Q3dyNjdnX2cweWNuOWh6WmRLdmt4azZqTTV3LTlCLXFpZ9IBlwFBVV95cUxOVkNqX3lJWWNOUTRINFJRd2Nid1lxZldwQzVxWmZwOHF1V0JqQ3lSZXFGRVhOaU4wR0JSZGpfal9DZW16Y3RzRWFQTGVMTkdRSVhYVTltcFVyY1JVc0xFRmF2cm5oZktXbFoyMWNCSUp6b19fVDdINDBNZG1IdXllOVdjaHB5LVpJenFydzdpOHpSVW5VWGZn?oc=5,0.0,0.0,0.0
2024.08.24,"""삼성 반도체, 5년 놀았다"" 사상 초유의 사태…반전 가능할까 [황정수의 반도체 이슈 짚어보기]",한국경제,https://news.google.com/rss/articles/CBMiWkFVX3lxTE1MQkFSTWZ4cWJsSjBUcDBIY1g4cnBESWJOU2lXclpWYjlkT1M1SmNhV2RoM2hmSkNXaWxYM1pNb1VaZlhEZEJhemZnXzBiZnRUckowckZSYVAtZ9IBVEFVX3lxTE1mQVd2M0dMcUF3RW5qbVg5aVRQWlJDb3BFOE1ITzV6WGZTOFdMTmpiRTJidlpYeXJQcHV2X0tDMnB0Nm4wLVNDbFg0aW82ZHFRUThiMA?oc=5,0.0,0.0,0.0
2024.08.24,램크루지?…원가 절감 덫 걸린 삼성전자,매일경제,https://news.google.com/rss/articles/CBMiVkFVX3lxTE9qYmhVUEtaZW9tU2NoX1gtb21HcFg5UzZ4VzVOQlEzNWpJZnZ5VWlJT0FPdGZoZEduNVpGU2IzNmdWVF9ObjMzOTd0SGFhZElDdElkVXBB?oc=5,0.0,0.0,0.0
2024.08.24,"""삼성전자를 어찌하오리까""…'극과극' 전망에 '개미둥절' [이슈+]",한국경제,https://news.google.com/rss/articles/CBMiWkFVX3lxTFBnRUJLbXlDa0gwQjdlanFoVnp4NlN4WXZUTzVPUzJrWHVJaG9vdEV5NmR2SzZVZ09iVDFIMDVvQ1JLZzVuS3JUYVZxbnhMdUtYRGJvUEMxWEtzUdIBVEFVX3lxTE9OTV9PM2U1dHZWWE05ajZKSU1jZ3pGdm1PR1JucTVaVE0yMG9DQzhaSGFQMF9IYUVhdUl5NmRIS1NQS2x4cmFoVG1sYndaODNCTjYtWQ?oc=5,0.0,0.5,0.0
2024.08.25,"삼성전기 ""2년 내 고부가 FCBGA 비중 50% 넘긴다""",IT조선,https://news.google.com/rss/articles/CBMicEFVX3lxTE1reV9kWFNDZThmUlhXVU9rVGstOFhpdEdtZWVjU3RPNERVMjB4UWFtbWw5QS1hcmZBSkFfWWpHYXlpU1hrNkpuNGp1UVI5YnAtRDlRY3Z0czg2M2NlNVduUG52WFN5T1BGTU9TSk1rYmE?oc=5,0.0,0.0,0.0
2024.08.25,"반도체 D램 관련주, 업황이 살아나며 하반기 시장 전망 ""맑음"" : 네이버 블로그",Naver Blog,https://news.google.com/rss/articles/CBMiZ0FVX3lxTFBTSFZkRmNFTjFGdUZGZm9jLUNrMklIQmFranFzbkRMT1FtN1BzRl9wMFN1aVpDQ1dSSmp3VmhjR0thTmdicUJzSVpTYll4LTFBRml3OWRqV0hzcGgxcWNVcU1PclJzYmM?oc=5,0.5,0.5,0.0
2024.08.25,"'AMD 뚫은' 삼성전기 ""고부가 기판 기술은 우리가 최고""",더구루,https://news.google.com/rss/articles/CBMiYkFVX3lxTE9ya3NnUHNRMXhJLWhKTllGQWo5V3IyOTFvN0twTkFodVVmMFl3T0lIblJKdWROck1XZXFJc05rcmZaU0pKWVNJS1dwTkowZ2RrNGxrVGNRbk02ZzJQM2xkdXBR?oc=5,0.0,0.5,0.0
2024.08.25,"삼성전기 2년 내 '고부가 FCBGA' 판매비중 50% 목표, 8조 시장 공략 본격화",비즈니스포스트,https://news.google.com/rss/articles/CBMic0FVX3lxTFBMNEhmNTRMMFFmM1BWbmtCRGlSNXZSaDRzaUdjR2ZDdmdGRER2TF9lV1dMVXo3V0lERXB6S0huS0JWN2cwT25OQnNpck5YQnRVRWlQUjFtY1NTVGV0amNycVNzcXRyeDMxRW9jVGZjUS1lZ28?oc=5,0.0,0.0,0.0
2024.08.25,“수천 번 고민했지만 연봉 3배란 말에”…中기업 가는 한국 인재 누가 욕하랴 [방영덕의 디테일],매일경제,https://news.google.com/rss/articles/CBMiVkFVX3lxTE9tcnJmdHNWM1B0a1o0UWxPdmhuM3diT3dfbFRieWN1SzQ4MGtGcVcwQWh0T3lPNHlPeUlYS2IyLUd0RnN6dmxnblprNkMzY0k4TTZkbUhB?oc=5,0.0,0.0,0.0
2024.08.25,복잡해지는 반도체 기판…삼성전기가 나선다 [현장에서],시사오늘,https://news.google.com/rss/articles/CBMia0FVX3lxTE5YQ3J1N1pDeUxPM3BvOFdwNW0xUnpxUmlPMkd2V2VQRFY3b0Rfd1o2WGRLTjJKRkRiZGk4OVljc2l1bURaMFVKYlNDdVQ0V1p5bU5ERlN4akIxbEVKXy1TazRqYldlWVVEUmNV?oc=5,0.0,0.0,0.0
2024.08.25,"삼성전기, 2026년까지 FC-BGA 비중 50% 이상 늘린다…하이엔드 기판 시장 정조준",CEO스코어데일리,https://news.google.com/rss/articles/CBMiZkFVX3lxTE5VakM2YW5ucGJUNkVxNHFoSUVha01mUnNiNVVURDdEY1FMUlg3R0JPX0FOdEtMLVhKOWVlOGstMmRqMk0wLVpBS1p4SDNFVzJTbjlWZkNTWWxadVM1dHQzZEk3aXh5Zw?oc=5,0.0,0.0,0.0
2024.08.26,"(단독)삼성전자, 평택캠퍼스 공사 재개 '속도조절'",뉴스토마토,https://news.google.com/rss/articles/CBMiYEFVX3lxTE8tazhHdDBzZ25xX1drV0pJUXUxZkVDQmJ4ckRpR3R4Ql9PSkY2SEQ3RTVmb3FHM0NkaGI5YkRCdFMycC1lZ241UGFBTElxc29VcU1kZm9BcUpfQUYyMWlwSg?oc=5,0.0,0.0,0.0
2024.08.26,"방사선 피폭 삼성전자 직원 손 피부, 노출량 기준치 188배",동아사이언스,https://news.google.com/rss/articles/CBMiTkFVX3lxTE1maFNxcVhFSXUzLU9XQTRQRFMzQ0htQy16ZXQ2cU5XYzl1MXgzbHUtc0xLZ3lYR1FtOUFsZnNDQkdSaTlSZUJmckRxTVpZQQ?oc=5,0.0,0.0,0.0
2024.08.26,"삼성전자 엑시노스 프로세서 비중 확대 전망, ""퀄컴에 타격 불가피"" 분석 나와",비즈니스포스트,https://news.google.com/rss/articles/CBMic0FVX3lxTFBXQ3dmVXZKNjM5S3NOUjBfWkYzTUJxaWF5YlNYMmNvbnVEem5vOFdoUHFkcXMzU3piQndUcHdmMjhubEdMUk1reVRlQXowd004dVNBV0M2VVAzRkdKa3hTeWNjMmthRnNRZER5VFFoU2RNYW8?oc=5,0.0,1.0,0.0
2024.08.26,"“반도체 고점 준비하라” 경고음…삼성전자·SK하닉 ‘금리 하락’ 기대에도 하락, 왜? [투자360]",v.daum.net,https://news.google.com/rss/articles/CBMiRkFVX3lxTE92dW52NGQxUGxUcU5QdE53enJTUGZyeTh4OUR4Rkg1dTVCZTByZFhETnQwdGNQUWNUbjROQ01lTEp5OFVQU2c?oc=5,0.0,0.0,-2.0
2024.08.26,"삼성전자, 퀄컴 차량용 솔루션에 'LPDDR4X' 공급",samsung.com,https://news.google.com/rss/articles/CBMigwJBVV95cUxOUF9HRVlob3lhRDV0T1lXdUZncVozWjE1V25xMUNESU9CUXBrTkd5T2NiVVk1c0M5R0stdU10MXpWX2xvWTd6YmdPWWhrdzBTOWJrRmh2c2xGaVVLM3Flb2pTTV9MNnc0MXcxbTk3Wk4zVUNMOEtfaGJHY0VvZUNYa19wLUlSNkozYVhQOEJXcGg3QkVPS2NTM3NOV1hyZ3VFSG5tdnlqcS1tUFBFeTZrWUc3SWFncWwwbnlGR3BlYzJYNEJZYm1tN2ZXRm1kSE10NzNKS3BaeV91cms4SmttQlhEam9vcW9vQWdSaVhkbVJhYkNSSkZKd3pvSGdkeTJYaDBV?oc=5,0.0,0.0,0.0
2024.08.26,차세대 반도체 경쟁 격화…CXL 게임체인저 될까,투데이신문,https://news.google.com/rss/articles/CBMia0FVX3lxTE5tdGJDeWhMMUhiLXFEN1N5VF9Ga0M0ellVd0Q4bkQ0V2lCUXczbkVVb3V2c1BZWUlTZ2p2YkdCY1hTcU9QVThnSlh2MDZFSGtqMzFzenlrVmExRmdtRktsT1dxWEZ4NjAwMnNr0gFvQVVfeXFMTS1yYzk2NXVqem5tMVFERUVzY3FMV01aODBya0tFVHR4WGlGLWFtMXpWRXhSRkJqSl9ZcHVIZEh3U1BncTF1bjAzSl9sVkpjU29XX2pPbzI2SDhlVHNOdWVTSURaTUMxUzBBOEcydHJR?oc=5,0.0,0.0,0.0
2024.08.27,"삼성전자, 차량용 반도체 1위 탈환 본격화…퀄컴에 'LPDDR4X' 공급",글로벌이코노믹,https://news.google.com/rss/articles/CBMihgFBVV95cUxNaUtkWDFEZDdpLWNaU2VWMDdhbjNwa2Y5bFk5dzJqZWx1V2gwLTFsS1JVR2Rob2FGVk8wVzRMdG1VTmdlM1haYTItUkRqTWhKME1laktXdDNGeUdMVGVYaXdxRUhiUjRPc1pXWS13Vl84ZHJaT0pKNGlCVHF2bmpYd3RqS1o5Zw?oc=5,0.0,2.0,0.0
2024.08.27,삼성전자-퀄컴 차량용 반도체 첫 협력…LPDDR4X 공급,디일렉,https://news.google.com/rss/articles/CBMiZkFVX3lxTE01T0VpWHd4Y2FtWjVMYVhlLUxPdVJRSHNmNTRGUDJBc2NqM3ZYWF9ZOWtKRmdDSHV1U0ZZSmZaWUlrdmVFNTg3WGZXc0pNdkxmTW1vZ2VjSzJJOHIweWdSMGpXUEV5Zw?oc=5,0.0,0.0,0.0
2024.08.27,"삼성전자, 車 반도체 1위 노린다…퀄컴에 차량용 D램 첫 공급",뉴스1,https://news.google.com/rss/articles/CBMiZEFVX3lxTE4zSEJPZWcxMkpyWEpJQ2lGS3pqMmxsa0ZtRUZ4S2o3dGFBREs0RFlDazlxdE0yMWFTMXNBdThzdXU3UmVCNDlpQzJ3Z2tvU25sSlUxNzFnM2ZPdThhd1owQW82S2U?oc=5,1.0,0.0,0.0
2024.08.27,"전영현號 100일…삼성전자, 모빌리티·AI 사업 가속페달",한국경제,https://news.google.com/rss/articles/CBMiWkFVX3lxTE55SXNvTXYwSGExdmpZSEdxZFN4MG96NlJVQzlXdDJGcWJfd01NZGdEOF9kcjFicHMxRVVtakxUNURRWFE0UGhVbVQ4dm5SakxOU1paSVpqeVc2d9IBVEFVX3lxTE5SaVZVOElfN3gydFBKZU1ERjd1ZXdVTF82LUkzM05QZUZDbHpmVDRUZ0x1dHBfTF9LWE50ZDg1a01OR2dEWkpXcEs5Ymp4MEJIODRXYg?oc=5,0.5,0.0,0.0
2024.08.27,"'삼성 2나노' 고객사 日 PFN, 현지서 대규모 투자 받는다",지디넷코리아,https://news.google.com/rss/articles/CBMiVkFVX3lxTE83NFVVaUIzQy1iUzFzX0pfenRYUG9XVnhQVmpxbGV3cjRCZXJCa0hBTlctNzNWN2NrSUlIUTgxb3VtcnJLX3h4OWtsaktpT1VCZ0pVZkhn?oc=5,0.5,0.0,0.0
2024.08.27,"삼성전자, 퀄컴 차량용 솔루션에 ‘LPDDR4X’ 공급",samsung.com,https://news.google.com/rss/articles/CBMihgJBVV95cUxOQ25XZWl4YXFPRU5NNU00cmVKdHRTUlJEQk9mOFpxbzU1TFlEbDg4UGkzMHpoZmZJOVRPQXdJNlhfX1p1WUJPWVNSSVlpdEpVazBfVi1VQ25rRFRMeXdaeENKWHlfSFVpR1RzUktPOEdSa1hjTl9pU0JQUUZOVDdJRElTQUNzbVhDbDlxZ2lBSU5SMlBMSGRuZ0xMVTltUnBxdTRjb0hYcGZqTk5KTmR6a3NfSE8zQmlWWDNRX25URFF0SXNqVGtTc2tueEE5S3YyRVVzOC1na2IwS3MzN1hKSE5JRUx2TzljR1NqalhORENyQUN1US1VeWx0WFM2cTNfakVMd2dR?oc=5,0.0,0.0,0.0
2024.08.27,"IBM, 차세대 AI 반도체 공개… 삼성에 생산 맡긴다",뉴데일리 경제,https://news.google.com/rss/articles/CBMie0FVX3lxTE5mWElzdHF1V1B3WUJLeldrWFFuY0p1RnAzMVpRNm4ydmprOVVEcjFSdnl6SE9fUFNwSXBzdEpxanJJTXJsWlliV19NZkxOQzMtZEVaeWc1SDVweGNsRWJKTENGUzBTX2d5eWZaQVZxMHpCU3BtSHExX01Kdw?oc=5,0.5,0.0,0.0
2024.08.27,"IBM, 삼성전자와 협력해 메인프레임용 AI 반도체 공개 - 조선비즈",Chosunbiz,https://news.google.com/rss/articles/CBMiggFBVV95cUxNUXpKOVRtbW1SZHY4UWtOTUJmN1huOGI1WlZNR3RaNFlnT1BEdGoybHozQXJ0NWV5Q0pxVVlGLWJaTDVzQ1RvY2pTR1lwZVVMTFRzSEVGa0o5Q1BvTGl1RngtUXBKNGVFbFNXb2JHNHdIem82V1JBMk5hZ01fVDFGUWd30gGWAUFVX3lxTFBMZzIyZHZtTW5sRVdSV1k4cXM5a1M5SFN2Wm9RaG9BaHZ2TUczeU9ERktXazZKUVMtWmVNZENEWmlvRVZpYmlIaHhfUVpNMjJ6X3M5dXJwaVJmZ0NjVllHdlZESUNVSEZFY21NQUNRczNRbjVmcmRiMkZJTjB5cW1nczBoYnhBZ0pEQk9kblpTWlFiVlY5dw?oc=5,0.5,0.0,0.0
2024.08.27,"‘차량용 메모리’ 1위 노리는 삼성전자, 퀄컴과 손잡았다",한겨레,https://news.google.com/rss/articles/CBMiakFVX3lxTFBYamxxZmo1V1BqZy0yMTRIeDZLZFhEb2hpazBwZjVVWDZCTmoxRXMyRHZsd1Q1ejZqY1BPUURaZ0M4aklCamU2NFZlM2xQc2Jnb2FMMTBPOGdRX1FpOHJFazdWRlZqQ3ctNEE?oc=5,0.0,0.0,0.0
2024.08.27,"삼성전자, 퀄컴과 차량용 반도체 손 잡았다…“마이크론 거세게 추격”",segye.com,https://news.google.com/rss/articles/CBMiWEFVX3lxTE5ndE13SC1WRWxtYmVFRUZnQk1VTW5OQXRlSlpheHhUZTB1SEpHS2RkWDFOWkV4UjJBQTFmQzF0cTNGR0VOSGwwWV9RNFg3QllfYnJoTUdza0zSAVRBVV95cUxPbU5UQkNwbl90b1ktaWRRbWc4YnBxdVpDWU54Nld4MWxpeWJMOXdyb0FYYXBCNUJCMG5oVDNkNjhjN0xzWWVPMS1Ta2tUZndLdXVYeFQ?oc=5,0.0,0.0,0.0
2024.08.27,"반도체 영원한 난제 ‘수율’, 문제는 ‘데이터’다",시사위크,https://news.google.com/rss/articles/CBMia0FVX3lxTE5fWGZnY2t4OVB3R2R5LW9qSEhCNXNkMDI0ZGNONndwMjlFNlcxV1hkd1NSMUluNDJwdXpOUGh1R2FFNkoyVkJabXZobE1pckRwXzdKZ3h5WmVQR0JjbU5YYS1TNFVMZlE4cEhV0gFvQVVfeXFMT1U3QkdOSFcyRUpYWnc3WVpRWjVValR6ZEtJMW1UQ3FIdWxFTFZ0ZGduV0xMVkNhR0hnMTY4LWszRHljUWpUTTJLWkZ4czk3bjFkRm5nVzE5WWJMSlVjSDdwQzdhbVU5NEJfQU85Wllr?oc=5,0.5,0.0,0.0
2024.08.27,"반도체업계, 미국 PFAS 규제 막는데 '20억' 로비... TSMC, 삼성전자도 동참?",임팩트온,https://news.google.com/rss/articles/CBMiaEFVX3lxTFB1bnVQWXViankzMEdSQ0xoYkF0amRRTERZMmpkNHYweWRiYkJhWE5oMmpmWWdqbDBBbEV2VWh0LUxHbm8zbXFqQ1luZ1JQT1JRMFBucEs4Y0UyQUxIUF9lNmhlVEZoaDBB0gFsQVVfeXFMTTNCSDd5NmwtRTFhdW9HRmpxdm5OLXdTVXZMdWZxM1pvZHpVWGM1RWVfR0VTdDF1ZjlfeXJEdFpLU0JRaU8tdlJ5R0E0TEtXOGFxVHlPS1VhWGlscGFOQlVaNVVnVmpvS1BmcURs?oc=5,0.0,0.0,-0.5
2024.08.28,"ASPS 2024: 삼성전자, 비욘드 무어 시대 빠르게 앞당길 첨단 패키징 기술 선보이다 | 삼성반도체",samsung.com,https://news.google.com/rss/articles/CBMi5wFBVV95cUxOVnZfOXhzcjBQZ1ZCQXNHWWRZMUJBdG5FeUVaUkJVQnhDRHV2WjdmZXVZN0VxUTR2MEgxU3o1bEwyWjVrUEZybjJIN1d5dHd4ZTRKUktodGdfT1RDRlNySjRBcU9ESzJzZFY2STZTR0ZhdVVHNHBocHI4YV9VaFFEVklia3I2OGtXM2h2cGNZVFJpdTFsM1dxQjZfTXE4QkUxOFA3UEoyeVRkTUVjMU5EWkxRWGxUVHpCV2NoSEpSaXVZbW9GZW5GUWxKb2tmN3AtUS1zVmNxb3hUMDlQWk1hdHFrTWVQMk0?oc=5,0.5,0.0,0.0
2024.08.28,"삼성전자, 반도체 패키징 장비 자동화로 원격제어 70% 목표",시사저널e,https://news.google.com/rss/articles/CBMickFVX3lxTE04c2VCZENxX3h3OUdoOTVUb3FxaHM1R1FUTk1ia1FJZ2JGU1BNM2F6RHpkdW1UR29wR3lmbUoxcGR3YU81aG9FaEFrNmpfTGhzZEhzMlZYcnpGYjVjTTZ4ZHVGWHFUWV9KZ0ZiWXo0WGFLUdIBdkFVX3lxTE9tbmlldndtYzhpUGpvSldmcEcwdDJmTmFDUFppcS01MXhRd2RQTWozVW9QNDl0UGpuNnVWUW12U2licExwcDZnQVU5V0VhS2lZOXFYOU43RHpfMERYUllvdVhUNXoyVXpRZHd2S0N4WngzMXN6QUE?oc=5,0.5,0.0,0.0
2024.08.28,"삼성전자 반도체 기흥공장 방사선 피폭 그 후...＂손가락 7개 절단 위기, 치료비 자비부담 고통＂",일요주간,https://news.google.com/rss/articles/CBMidkFVX3lxTE91azJ4RWgtbzV3dnU5SU1WWURuRlA2ZHJCblFwSmY1VVdYb25PVFpzWlU1R3JmSk9FT2FFczdOWFBkQ2Q1dkR2QXppckhoMl8zdGtfbVIzX2hnLWFVRjZLN09vaDBmbVRSZW9uWjNBMHprRGoxZlE?oc=5,0.0,0.0,-2.0
2024.08.28,삼성전자 방사선 피폭 사고 노동자에게 책임 전가,노동자 연대,https://news.google.com/rss/articles/CBMiREFVX3lxTE50WVFleTBxdVk4TlRLZWV3eUlzMTJlaHlOY0xvZ3FvdDdNNFM3QlNqWVptWkhlRjg4M3RvZlhPZ1pydnJH?oc=5,0.0,0.0,0.0
2024.08.28,"예스티, 고부가 장비로 '반도체 슈퍼乙' 도전",한국경제,https://news.google.com/rss/articles/CBMiWkFVX3lxTE45Y2RlaUY5RTNfRzd5MTJLajBlRU1PajI3UjZwM25fUVJtcGs0YzFuNF92czBvR2k3Zm5SWlFZbldJTGxHQjl5bjBMbmItek1hLU1SSzJQa1NQZ9IBVEFVX3lxTE56Q2xnSXNxR05WVjhsSnIxd2tiQnY3X1hBbXBldlBwZWNlRmhaQjVYNkVFbU9fRTdJQ2VXcXJjd3hKT0hiZkhacnVlYVRFQjdfcGhLSg?oc=5,0.0,0.0,0.0
2024.08.28,"[뉴투분석] 전영현 삼성전자 부회장, '취임 100일' 성적표 들여다 보니...",뉴스투데이,https://news.google.com/rss/articles/CBMiXkFVX3lxTFB0aU5NT3JTcnVpRHg3dm1vLXYteXcyOXE2OG9aQVFWQlo0bnNuRG9ld0pTdVR2N0JQNExOTlZMeWtmaU44UFZmSXBmdF9PVnEzV1N0ekM0bTI5TktzV1E?oc=5,0.0,0.0,0.0
2024.08.28,[혁신포커스] ​반도체 패키지 팹 자동화...삼성전자 물류자동화 99% 달성,e4ds news,https://news.google.com/rss/articles/CBMiYkFVX3lxTE83RDRzYnl3R29TVEUwbHhmMU5wdldLSzVVS2EweHc0dy16UkRKYjVaWEk1UzZxQXRSM1c5aEhXdFRxSXBFd1pyWndFNlFmYnZaUm9TU0ZCb0xiRkdXWjhHWFd3?oc=5,0.0,0.0,0.0
2024.08.28,"TSMC 뛰어드는 FO-PLP, '10년 앞선' 삼성전자도 추가 투자할까",KIPOST,https://news.google.com/rss/articles/CBMiaEFVX3lxTFBjSFdtMzNfT3RsZE5ZNHlQaFgxTlY2Y1ZEVG1JVmxNbUpiOTBBbm53TThiVF9vc2FVM3BndDNwcDlZS0xnU25qd1hqS0tTVWRfMTdJM2NieTB4a1lvRC1RQnYxZjNhRUsw?oc=5,0.0,0.0,0.0
2024.08.28,‘엑시노스 2500’ 발열 논란…갤S25 탑재 기대 협력사들 ‘긴장’,브릿지경제,https://news.google.com/rss/articles/CBMiW0FVX3lxTE1LSUJTNjBJSlYzcnJHdkl1c2RTVDV3aWtXdGtVMGlodXhvSnVSSmhnYVc1c1J5Y3gyTkxkekkzSzJuWXdNY0RweDhQMjJqT1NSTFpBbWZqVkwwYUU?oc=5,0.0,0.0,-1.0
2024.08.28,"삼성전자 주주로 둔 와이씨, SK하이닉스 HBM 공급도 노린다",위키리크스한국,https://news.google.com/rss/articles/CBMib0FVX3lxTE96TWN5QkRKdDV5U1RaVEwtWXdTQ0JIMGM4RlZfUzhoZm1jYmg4SkxTSUlzUHdjSFhfMEZBYnVPMGR0SVVXZkdrOFFRc0JqTXZDQTFUSzBSYUwwS2ZjUW9Zdkxna3ljSjNDRHk2R1JCNA?oc=5,0.5,0.0,0.0
2024.08.28,"CXL 시장, 2026년 열린다…시장 선점 노리는 韓 반도체 업계",디지털데일리,https://news.google.com/rss/articles/CBMiYkFVX3lxTE5IRHNLRUJiVHJuaHYtZm83NDVZZlVyY1l4N2RPenZIenBkSFhKTmU5ellSTW8tV0hLeUp6WGxGSHI5UWtRVW8yVTFTWVZYbW8wQi04Q1Q5ZUF0R3dGOF9CRWZR?oc=5,0.0,0.0,0.0
2024.08.28,"""여러분의 선배"" 전영현, 취임 100일…삼성 반도체 어디로?",뉴시스,https://news.google.com/rss/articles/CBMiYEFVX3lxTE5MR2lMSnpuMi1HVWdDcHZMdmEyTXdUb3B0R1V4NEx1WUtnaHBKN3NVUVNGd3YzWEFRWFJfUW9iZVJWb182Wl8teXNUdGt4QVJ2dlRnUEhWSU5kOWo3Z0x0a9IBeEFVX3lxTE9haGstVzU5ZldvUGJFaHBOWWlHMVVwMTd2REhIM2F4d1hZc2hNaEtmcEFkOW5aR3NXZzRweUlDV19zLU00NGpSNW5Kb2ZTRFE5dWxCdTRPNHNuNmQtNzllaktIeHl0VDRCa0xTWFlHMlpYa2h2eHQ5UQ?oc=5,0.0,0.0,0.0
2024.08.29,"“차세대 메모리 선점하라” … CXL·PIM 상용화로 초격차 벌린다[복합위기, 초격차 혁신으로 뚫어라!]",문화일보,https://news.google.com/rss/articles/CBMiUEFVX3lxTE1DRktrNFFPNDliVWhJTFdDX2g0SndNWDMzQy1OUmh4S0Y5eFcyNnFZUzItX0lWSGxVdERkVU82bm5SUUZMX2lGRDBTUW9fcEdP?oc=5,0.0,0.0,-0.75
2024.08.29,"'반도체 매출 회복' 삼성전자, 배당금 수익 줄였다",블로터,https://news.google.com/rss/articles/CBMiaEFVX3lxTE5URS1NM29nUGxZUHQ1SWU1WHMtc0NPUTRMUnU2Ym9rZW9jYVo5TEtYZ1J3Q2RkWXhxTWxXNUstQW0xWHU1RlYzalN5ZWJhQ3Z2T3FjNkZCckFxWVR2dEZ5YjFvbjFpRk9M0gFsQVVfeXFMTmRZcVRKNnRwQmRqbXFteFdRVlhFYlptR2U1S0VRandYaEoxbnRQVWhZSl9RNENfdl9CVGluVGZxQ3A5STJEZHdWcDZ1LXBOY2RxR2dMeFg1YW1YeGtFSkkwQTNLeHp2VTVBcVBM?oc=5,0.0,1.0,0.0
2024.08.29,"‘뜨거운 AI 열기’…삼성전자, 반도체패키징 글로벌 주도권 잡을 ‘솔루션’ 제시 [르포]",시사오늘,https://news.google.com/rss/articles/CBMia0FVX3lxTE1vSDVKTW5Za01RbVlmZk5Dd3pESXN5YTZIMVphUmRHRXROMXl4WkkwNXFiVGF3RVkwX09iSy0ydlVZblcxX2JxLWZJS1J3Q1RveUliVnI5d3dzVEFzZ1BwSjlYa0QzeUd2TThV?oc=5,0.5,0.0,0.0
2024.08.29,"삼성전자, “반도체 후공정 라인 무인화율 30% 달성”",녹색경제신문,https://news.google.com/rss/articles/CBMiaEFVX3lxTE5Zal8tc1dsQ2c4cndLWVNacmxSUnlQWkVrUWwzTHAwbVRfcE8yUHlaWjNFeFYxdjJmSzh2amhiS3djUWxvRWpiZWdwNmJSVFBYVk5hTHNTa3RxeGFlY09XNzB6LVprbV9l?oc=5,0.5,0.0,0.0
2024.08.30,"삼성전자 미국 반도체공장 건설현장서 노동자 부상, 100만 달러 소송 제기",비즈니스포스트,https://news.google.com/rss/articles/CBMic0FVX3lxTE53c2htRWVXSmV5VU9DZmlaYjRrVmJ5V3pEdmZqNVZIUDJMRENFU083eXlCcDM5eDd4bmlKOEp1WDZPR0tBSE8yUUFCOXExR2o1M2dfOE9BVTFxcmVZNllIY1A5NUl0UmJfUEo4Nk5tUm9tZW8?oc=5,0.0,0.0,0.0
2024.08.30,티에스이 “D램·HBM용 신제품 준비해 반도체 업황 회복 대응”,시사저널e,https://news.google.com/rss/articles/CBMickFVX3lxTE5FYU14Q09RRUtGeVlrMzN6YUFYZ3dVOXY0RUdScVdFVVFsbGhPVEoxTE5uamVHellrVWpoSFlYc2o2THlhVlBRTXR2RkRtTU1JNmJ1TW9sMEliYWtVQ0lCbUxPSEp2bTRRVW5HMlZTdnJfZ9IBdkFVX3lxTE02YlAwTEdQOE0wX3JvZWtVaFZkMEV0LWhac3NTWG1OaDRPREZiM3FPSWVTa2ZVSkRzdkNGMnA3RFIxQURMZFlHMlhCM25iQzM5c3lZcGtFbGp4V1d0QlV0cFBhSVZ2VDVZWW1MNTBNRENqSnJEZXc?oc=5,1.0,0.0,0.0
2024.08.30,'12단 HBM3E' 수급 다급해진 엔비디아…삼성·SK 대응 분주,지디넷코리아,https://news.google.com/rss/articles/CBMiVkFVX3lxTE9ha3RlTjRPOW16MUpwY1ZJYmszd2lsQkhQd1A4NFRaZFVPYmgySmIyVW9uWlZIR212Mkw2aUxrUGRRbEVSVFZETWlfNkNwV2hpQkRqV2NB?oc=5,0.5,0.5,0.0
2024.08.30,상호 의존도 커지는 엔비디아-한국 반도체 기업들...주가 점점 연동,디지털투데이,https://news.google.com/rss/articles/CBMic0FVX3lxTFByM1hKLXZsbWVERGxVNG1Jek5WWThIWUYyNmFwNkxYd1RMaWJBR3BWS3lCbWFmWFQ3VzNoS2hUamVZeWh3WnRjaGFwclI5cENSSlVReTNIWURNZkZHckdwN0MwRV80TnBfSmxOWm8zLWpNeU0?oc=5,0.0,0.5,0.0
2024.08.30,"DB글로벌칩 대표에 박찬호…""DDI 설계로 제2의 도약""",한국경제,https://news.google.com/rss/articles/CBMiWkFVX3lxTE13b0ZLLXRaQUJJS0VtMHZIN25HZUVwNVVFSmk5YVJKUkJRcHB5WXYyNGc3aHI5ZUU2bGdZeWhSZUw0ajdlaEtxZDZhcTFacXVkVU12MC1vUm1IUdIBVEFVX3lxTE9PcW15SXdNVmVjajZzeXhCNFNpWUc0MWIzQkhucnBWbFpCeEZweGZyaDlKZ0RMcXYzWVNieWJpZjNTTjNYdGkwM0Z4aE12WXNZM0NEVw?oc=5,0.0,0.0,0.0
2024.08.30,"DB글로벌칩 대표이사에 박찬호, 삼성전자 출신으로 시스템반도체 경험 풍부",비즈니스포스트,https://news.google.com/rss/articles/CBMic0FVX3lxTE1RWFJvakZtbG1fUXBfX29kNkJVbUlQc0lpR01EbE82U2lRZl9WY19haVM5am1KTWhQel9WMVNDRG5XQ2l3c1R6UW1QRFdMWXE1a2lSSGRjdXBuRzBKMkhLd0ZNcmtsV3lxaE1IWldzMnZuVnc?oc=5,0.0,0.0,0.0
2024.08.30,"DB글로벌칩, '삼성 출신' 박찬호 대표이사 사장 선임",지디넷코리아,https://news.google.com/rss/articles/CBMiVkFVX3lxTE5ZRHg2bnJ2ZTNiRmdOM1RwNXBXRW5vR194Rl9mb1hRR2VuUGdOaUptZ01uX3AyWUU2UGlPdFI2UWJwcXVEMUd0eXhCNDdCeWl0X0RGZm1R?oc=5,0.0,0.0,0.0
2024.08.30,"삼성전자·SK하이닉스, 차세대 D램 개발 경쟁 '후끈'",뉴시스,https://news.google.com/rss/articles/CBMiYEFVX3lxTE5yTmI3bERvMGxORmFpQV9kQWtxV05xMHZPajRabFB5azc4OHNpWnVTTGdNRzg5WnN5cUxKUTJsV29yWnUzU1ZvbVp0ZUVCQW1qbV90d1d4REJlaVVfOThTWNIBeEFVX3lxTE5OUUZEY0FiR2ZWZXVMTVBkOWwwbV9CTHdEeDJ3d2tySTZjOHg0WXhCUG4tbjJ1eEdNUjNTa0w2U1hDaGFnRFFpU2FINGdQaHpFQURJQ3NqOHplWl9MeWYwZHpfbkdYdWw5TnJwRWtVa0czMjJsRGFfbQ?oc=5,0.5,0.0,0.0
2024.08.31,"산업부, ASML 같은 ‘슈퍼 을 기업’ 후보 5곳 선정한다… “무제한 지원 방침” - 조선비즈",Chosunbiz,https://news.google.com/rss/articles/CBMihgFBVV95cUxOaThlRElrVE1zZnZFRzBfbk40ajBKNDNoVTA0dkZ2WDJsWV9aMU14N1BxWk9WdllhaU9hUk9VNlNtVlVBUGVwTksxam82T0g3SVFoNmZJNldpeUlGUElZSFc0Yk5xX1dINmpVMHlMQWJrbENsc0cwUTBfdURPSk93QTNUanZvZ9IBmgFBVV95cUxOaGRwckRldVhwSXotYWROb0VEMTRhSTRJUlAyQnBDc1M4YS1ycUM2VlgyRnF4dEJjaFd5YkFJcHVoZnJXYmRHVUhQOVBpZ01HSS0wVXpsR19YOUJTOVBnUjduUDNJb0JtMmVKN1E4WnJyY2JteWNJclNlN1RtV3FfWndNWjV0aWYtNEdlVU9RNVFXa0RhR0FwQlRn?oc=5,0.0,0.0,0.0
2024.08.31,‘삼성이 SK를 추격·인텔은 최악 구조조정’...엔비디아가 확바꾼 반도체 다이내믹스 [★★글로벌],매일경제,https://news.google.com/rss/articles/CBMiUkFVX3lxTE55cmtoNzBwUVB1Nm9raklpS0dQdHk0T2h6ZXV4d250Q3dOUDlUZjdLalhoRUN0cjBHQXk0bWdIYjJaYzlRaGlzdEJEVGlrbEZZdGc?oc=5,0.0,0.5,-0.5
2024.08.31,"블룸버그 “삼성전자, 노키아 모바일 네트워크 인수에 관심”",조선일보,https://news.google.com/rss/articles/CBMigwFBVV95cUxNOXQxWEFhTExOc1JOcU5oWlhnV3BpbEpUQ200QXgtWEpkSmVrM3ZSSm54cU4ycVRXTTFua0VNa2trUi14bVVhRWtSbDlENWYtS0s4eW1OQ0pVb2QwdThPZDdtRk9XN3JXeVpxZ2NER0JIUEhsaGhCYVNZZnNYOVFSdnMyd9IBlwFBVV95cUxPc21RT21sMnVkT1FwM3FEanFKbEJOWVEySFhXd0xGTnkxRWJuMWxCeERwUV95ZHhNZE1ReThHUjhzaWhMU0JDMzVBalRUdDNUSXNaLW9ybUU3aFg0RklOcHBWZEtIclVTU21NQlI4am8tM2pOWWFKX2UwdGZRajBHcUNxZ1hmVkNRNEJIdjdJYzZHc0RmWUk0?oc=5,0.0,0.0,0.0
2024.08.31,"가스안전公, 방폭시설 안전수준 향상위해 삼성전자와 협력",에너지데일리,https://news.google.com/rss/articles/CBMickFVX3lxTE9mQWFzRzJlOWI4YjQ4SlRSbjBMcmwyZG0wRkxfY0VNSmZyLTlMU01VVFp4TDVJM1hVeWEzOTNsb1RxR2tuTnhaaFhxdFlLTnRJemN2Tm1XM1paM2VwU3gyblgzbDlpMzVIZE14UFN1ejVkdw?oc=5,0.0,0.0,0.0
2024.09.01,"갤럭시S25, 퀄컴 고성능칩만 쓴다",한국경제,https://news.google.com/rss/articles/CBMiWkFVX3lxTFBFVmFfNDZuMVRlRy1NVjZGNE12QXdiNW1BbjBKcnNCQ1VXSkd3cFlBWGJsbWJJYkVyUVNFdHpfVEFyZVpMazlRbkRBY3YwcVVxVEF0RVdkZzRSUdIBVEFVX3lxTE1LVVluN2swZ1NId0lrcUpvOVBVRWZ0R0lHNzVIVHN5MnYtY0lxQzdYSnR6cEVOTXpuYmo1MkkzUWxqTlZaTW9sbW52enVNVVg3S0d5YQ?oc=5,0.0,0.0,0.0
2024.09.01,美中갈등에 요동치는 반도체·태양광 산업 [외신이 본 한국],포춘코리아,https://news.google.com/rss/articles/CBMickFVX3lxTE9VNV8zTGtUUFJucTlIbU5fdWgzOTlCa01lUWFVTmxkN013aFVXemdpTTdRQWotZkt6dl9jODhCckpPemRwZXdnd3V3N3lwNDlXYV9YWTcxLUhFQTBEdVJheWJWR2MzcTJUQ2o2aXlVY29oUdIBdkFVX3lxTE9IN1U3dEhTTktLbVFMVjBQR0JSY1M1SDQ4NWlkaGpWd09ZUGVYSWpESW14cmw5eFhHSUNIU00tQnUzbG1tcVBZTUZ3cERYOFpUZ3l5S2xGTXRENXZRNnM4V0RYaUl4LUtndm1TeU5tOWVmU1VKRVE?oc=5,0.0,0.0,-1.0
2024.09.01,"인텔 파운드리 위기에 삼성전자 반사이익, 미국 반도체법 수혜 커질 가능성도",비즈니스포스트,https://news.google.com/rss/articles/CBMic0FVX3lxTE1BMFZvNjRMM3JsQThnYjBHdngyZ05Ta1ZaclBsSm9XTGY3LUZjcV9ORHNuZVpuUUlZWnV6eWtnb3BuRzc0S09fWi1vVkRQVjR6TGVxcWg4V2JsWGEzM0M2dlRFSFR0M2FHRTUtdFJjamp0Umc?oc=5,0.5,0.5,0.0
2024.09.01,"첨단 패키징 장비 시장, 올해 10% 이상 성장…""AI 수요 덕분""",지디넷코리아,https://news.google.com/rss/articles/CBMiVkFVX3lxTFBxeXVkNkhxaDBXWDdVRGE1aDdBWE1mQTNiUTlzVzRCZGNCQV9sQUNUNFpWU3prMDk4c2xrWHFfSVF2T2JCeXRNTEJuQk41Zmw3anVyTVFR?oc=5,0.5,0.0,0.0
2024.09.01,"엔비디아 GPU 대체 위해 뭉친 SK와 KT, 삼성전자에 AI칩 생산 맡기나",비즈니스포스트,https://news.google.com/rss/articles/CBMic0FVX3lxTFBGRFRIVmxJaXBQSndZUllLOVNCaVNXcDlaZmJ3Wlk4akdfczBWMmlsSDhMYUFNNXA0UUZVOGhYQ2FMTHphTEc3WWc0X1RvclJvU3Atc0d3enVCSnVVUUl6LXkybGljcDRyRDdVLUx0ZXY0Q1k?oc=5,0.5,0.5,0.0
2024.09.01,“삼성전자·TSMC 잡겠다더니”…‘1만5000명 해고’ 반도체 제국에 무슨 일이,매일경제,https://news.google.com/rss/articles/CBMiUkFVX3lxTE1PVGxrS3lOckhkS2RFUnNXdFRmd2gxV004RkhYTE5WY0J3dFoxaTZkSkFOek9vc3BpblpPU1VXSFdSOXBDdE1BY1dvZl9nZGFOU1E?oc=5,0.0,0.0,0.0
